catalogue_no,feature_id,feature_name_en,feature_name_vi,feature_block,feature_subblock,specification_tier,selection_origin,recommended_role,supporting_studies,source_location,formula_or_definition,required_raw_concepts,time_requirement,pu_role,expected_dtype,target_component_risk,catalogue_status,mapping_status,candidate_data_source,candidate_columns,source_authorization,coverage_overall,paired_two_year_coverage,coverage_by_year,coverage_by_board,coverage_by_industry,coverage_by_fold,denominator_diagnostics,temporal_eligibility,target_specific_leakage_decision,final_researcher_decision,decision_reason,notes
1,beneish_dsri,Days' Sales in Receivables Index,Chỉ số số ngày bán hàng nằm trong khoản phải thu,Canonical models,Beneish M-score,C1_CANONICAL_FIXED,COMPLETE_PUBLISHED_SPECIFICATION,Confirmatory benchmark after exact/approved VAS mapping,BEN1999; BUI2021,BEN1999 variable construction; BUI2021 Table 1,(Net receivables_t / Sales_t) / (Net receivables_t-1 / Sales_t-1),net trade receivables; net sales,Fiscal years t and t-1,latent_risk_content,continuous,low,LOCK_CANDIDATE_AFTER_MAPPING,,,,,,,,,,,,,,,,
2,beneish_gmi,Gross Margin Index,Chỉ số biên lợi nhuận gộp,Canonical models,Beneish M-score,C1_CANONICAL_FIXED,COMPLETE_PUBLISHED_SPECIFICATION,Confirmatory benchmark after exact/approved VAS mapping,BEN1999; BUI2021,BEN1999 variable construction; BUI2021 Table 1,[(Sales_t-1 - COGS_t-1)/Sales_t-1] / [(Sales_t - COGS_t)/Sales_t],net sales; cost of goods sold,Fiscal years t and t-1,latent_risk_content,continuous,low,LOCK_CANDIDATE_AFTER_MAPPING,,,,,,,,,,,,,,,,
3,beneish_aqi,Asset Quality Index,Chỉ số chất lượng tài sản,Canonical models,Beneish M-score,C1_CANONICAL_FIXED,COMPLETE_PUBLISHED_SPECIFICATION,Confirmatory benchmark after exact/approved VAS mapping,BEN1999; BUI2021,BEN1999 variable construction; BUI2021 Table 1,[1 - (Current assets_t + Net PPE_t)/Total assets_t] / [1 - (Current assets_t-1 + Net PPE_t-1)/Total assets_t-1],current assets; net PPE; total assets,Fiscal years t and t-1,latent_risk_content,continuous,low,LOCK_CANDIDATE_AFTER_MAPPING,,,,,,,,,,,,,,,,
4,beneish_sgi,Sales Growth Index,Chỉ số tăng trưởng doanh thu,Canonical models,Beneish M-score,C1_CANONICAL_FIXED,COMPLETE_PUBLISHED_SPECIFICATION,Confirmatory benchmark after exact/approved VAS mapping,BEN1999; BUI2021,BEN1999 variable construction; BUI2021 Table 1,Sales_t / Sales_t-1,net sales,Fiscal years t and t-1,latent_risk_content,continuous,low,LOCK_CANDIDATE_AFTER_MAPPING,,,,,,,,,,,,,,,,
5,beneish_depi,Depreciation Index,Chỉ số khấu hao,Canonical models,Beneish M-score,C1_CANONICAL_FIXED,COMPLETE_PUBLISHED_SPECIFICATION,Confirmatory benchmark after exact/approved VAS mapping,BEN1999; BUI2021,BEN1999 variable construction; BUI2021 Table 1,[Depreciation_t-1/(Depreciation_t-1 + Net PPE_t-1)] / [Depreciation_t/(Depreciation_t + Net PPE_t)],period depreciation expense; net PPE,Fiscal years t and t-1,latent_risk_content,continuous,low,LOCK_CANDIDATE_AFTER_MAPPING,,,,,,,,,,,,,,,,
6,beneish_sgai,"Sales, General and Administrative Expenses Index",Chỉ số chi phí bán hàng và quản lý doanh nghiệp,Canonical models,Beneish M-score,C1_CANONICAL_FIXED,COMPLETE_PUBLISHED_SPECIFICATION,Confirmatory benchmark after exact/approved VAS mapping,BEN1999; BUI2021,BEN1999 variable construction; BUI2021 Table 1,(SG&A_t/Sales_t) / (SG&A_t-1/Sales_t-1),selling expense; administrative expense; net sales,Fiscal years t and t-1,latent_risk_content,continuous,low,LOCK_CANDIDATE_AFTER_MAPPING,,,,,,,,,,,,,,,,
7,beneish_lvgi,Leverage Index,Chỉ số đòn bẩy tài chính,Canonical models,Beneish M-score,C1_CANONICAL_FIXED,COMPLETE_PUBLISHED_SPECIFICATION,Confirmatory benchmark after exact/approved VAS mapping,BEN1999; BUI2021,BEN1999 variable construction; BUI2021 Table 1,[(Current liabilities_t + Long-term debt_t)/Total assets_t] / [(Current liabilities_t-1 + Long-term debt_t-1)/Total assets_t-1],current liabilities; long-term debt; total assets,Fiscal years t and t-1,latent_risk_content,continuous,low,LOCK_CANDIDATE_AFTER_MAPPING,,,,,,,,,,,,,,,,
8,beneish_tata,Total Accruals to Total Assets,Tổng dồn tích trên tổng tài sản,Canonical models,Beneish M-score,C1_CANONICAL_FIXED,COMPLETE_PUBLISHED_SPECIFICATION,Confirmatory benchmark after exact/approved VAS mapping,BEN1999; BUI2021,BEN1999 variable construction; BUI2021 Table 1,(Income from continuing operations_t - Cash flow from operations_t) / Total assets_t,income from continuing operations; operating cash flow; total assets,Fiscal years t and t-1,latent_risk_content,continuous,medium,LOCK_CANDIDATE_AFTER_MAPPING,,,,,,,,,,,,,,,,
9,beneish_m_score,Beneish M-score,Điểm số M của Beneish,Canonical models,Beneish M-score,C1_CANONICAL_FIXED,COMPLETE_PUBLISHED_SPECIFICATION,Fixed-score benchmark only when all eight components are valid,BEN1999; BUI2021,BEN1999 Table 3; BUI2021 model,-4.840 + 0.920*DSRI + 0.528*GMI + 0.404*AQI + 0.892*SGI + 0.115*DEPI - 0.172*SGAI + 4.679*TATA - 0.327*LVGI,all eight Beneish components,Fiscal years t and t-1,latent_risk_content,continuous,medium,LOCK_CANDIDATE_AFTER_ALL_COMPONENTS_PASS,,,,,,,,,,,,,,,,No partial score and no silent substitution may retain the canonical name.
10,dechow_rsst_accruals,RSST Accruals,Dồn tích RSST,Canonical models,Dechow Model 1/F-score,C1_CANONICAL_FIXED,COMPLETE_PUBLISHED_SPECIFICATION,Confirmatory benchmark after exact/approved mapping,DEC2011; BUI2021,DEC2011 Table 3 and Model 1; BUI2021 Table 1,(ΔWC + ΔNCO + ΔFIN) / Average total assets,current assets; cash; current liabilities; debt in current liabilities; total assets; investments; total liabilities; long-term debt; short-term investments; preferred stock,At least t and t-1; change ROA requires t-2,latent_risk_content,continuous,low,LOCK_CANDIDATE_AFTER_MAPPING,,,,,,,,,,,,,,,,
11,dechow_change_receivables,Change in Receivables,Thay đổi khoản phải thu,Canonical models,Dechow Model 1/F-score,C1_CANONICAL_FIXED,COMPLETE_PUBLISHED_SPECIFICATION,Confirmatory benchmark after exact/approved mapping,DEC2011; BUI2021,DEC2011 Table 3 and Model 1; BUI2021 Table 1,ΔAccounts receivable / Average total assets,accounts receivable; total assets,At least t and t-1; change ROA requires t-2,latent_risk_content,continuous,low,LOCK_CANDIDATE_AFTER_MAPPING,,,,,,,,,,,,,,,,
12,dechow_change_inventory,Change in Inventory,Thay đổi hàng tồn kho,Canonical models,Dechow Model 1/F-score,C1_CANONICAL_FIXED,COMPLETE_PUBLISHED_SPECIFICATION,Confirmatory benchmark after exact/approved mapping,DEC2011; BUI2021,DEC2011 Table 3 and Model 1; BUI2021 Table 1,ΔInventory / Average total assets,inventory; total assets,At least t and t-1; change ROA requires t-2,latent_risk_content,continuous,low,LOCK_CANDIDATE_AFTER_MAPPING,,,,,,,,,,,,,,,,
13,dechow_soft_assets,Percentage of Soft Assets,Tỷ lệ tài sản mềm,Canonical models,Dechow Model 1/F-score,C1_CANONICAL_FIXED,COMPLETE_PUBLISHED_SPECIFICATION,Confirmatory benchmark after exact/approved mapping,DEC2011; BUI2021,DEC2011 Table 3 and Model 1; BUI2021 Table 1,(Total assets - Net PPE - Cash and cash equivalents) / Total assets,total assets; net PPE; cash and cash equivalents,At least t and t-1; change ROA requires t-2,latent_risk_content,continuous,low,LOCK_CANDIDATE_AFTER_MAPPING,,,,,,,,,,,,,,,,
14,dechow_change_cash_sales,Change in Cash Sales,Thay đổi doanh thu tiền mặt,Canonical models,Dechow Model 1/F-score,C1_CANONICAL_FIXED,COMPLETE_PUBLISHED_SPECIFICATION,Confirmatory benchmark after exact/approved mapping,DEC2011; BUI2021,DEC2011 Table 3 and Model 1; BUI2021 Table 1,Percentage change in [Sales - ΔAccounts receivable],sales; accounts receivable,At least t and t-1; change ROA requires t-2,latent_risk_content,continuous,low,LOCK_CANDIDATE_AFTER_MAPPING,,,,,,,,,,,,,,,,
15,dechow_change_roa,Change in Return on Assets,Thay đổi tỷ suất sinh lợi trên tài sản,Canonical models,Dechow Model 1/F-score,C1_CANONICAL_FIXED,COMPLETE_PUBLISHED_SPECIFICATION,Confirmatory benchmark after exact/approved mapping,DEC2011; BUI2021,DEC2011 Table 3 and Model 1; BUI2021 Table 1,[Earnings_t/Average assets_t] - [Earnings_t-1/Average assets_t-1],"earnings; total assets for t, t-1 and t-2",At least t and t-1; change ROA requires t-2,latent_risk_content,continuous,low,LOCK_CANDIDATE_AFTER_MAPPING,,,,,,,,,,,,,,,,
16,dechow_actual_issuance,Actual Issuance Indicator,Biến chỉ báo phát hành thực tế,Canonical models,Dechow Model 1/F-score,C1_CANONICAL_FIXED,COMPLETE_PUBLISHED_SPECIFICATION,Confirmatory benchmark after exact/approved mapping,DEC2011; BUI2021,DEC2011 Table 3 and Model 1; BUI2021 Table 1,1 if debt securities or equity securities were issued during year t; 0 otherwise,debt issuance; equity issuance,At least t and t-1; change ROA requires t-2,latent_risk_content,continuous,low,LOCK_CANDIDATE_AFTER_MAPPING,,,,,,,,,,,,,,,,
17,dechow_f_score_model1,Dechow Model 1 F-score,Điểm F theo Mô hình 1 của Dechow,Canonical models,Dechow Model 1/F-score,C1_CANONICAL_FIXED,COMPLETE_PUBLISHED_SPECIFICATION,Fixed-score benchmark after seven components pass,DEC2011; BUI2021,DEC2011 Model 1 coefficient example,Predicted value = -7.893 + 0.790*RSST + 2.518*ΔREC + 1.191*ΔINV + 1.979*SOFT + 0.171*ΔCASHSALES - 0.932*ΔROA + 1.029*ISSUE; F-score = predicted probability / unconditional probability,seven Dechow Model 1 components; training-sample unconditional probability,"At least t, t-1 and selected t-2 inputs",latent_risk_content,continuous,medium,LOCK_CANDIDATE_AFTER_ALL_COMPONENTS_PASS,,,,,,,,,,,,,,,,Published fixed-score and re-estimated seven-component specification should be reported separately.
18,tran_gpm,Gross Profit Margin,Tỷ lệ lãi gộp,Vietnam published benchmarks,Tran VSA 240/Fraud Triangle,C2_VIETNAM_FULL_BENCHMARK,COMPLETE_PUBLISHED_CANDIDATE_SET,Complete Vietnam benchmark; report as one prespecified block,TRA2015,TRA2015 variable definitions and Model 1,(Net sales_t - COGS_t) / Net sales_t,net sales; COGS,t,latent_risk_content,continuous,low,LOCK_AS_COMPLETE_BLOCK_AFTER_MAPPING,,,,,,,,,,,,,,,,Do not restrict the benchmark to the variables retained by the paper's univariate/backward screening.
19,tran_average_asset_growth,Average Asset Growth over Two Prior Years,Tốc độ tăng trưởng tài sản bình quân của hai năm liền trước,Vietnam published benchmarks,Tran VSA 240/Fraud Triangle,C2_VIETNAM_FULL_BENCHMARK,COMPLETE_PUBLISHED_CANDIDATE_SET,Complete Vietnam benchmark; report as one prespecified block,TRA2015,TRA2015 variable definitions and Model 1,Average of asset growth from t-3→t-2 and t-2→t-1,"total assets t-1, t-2, t-3",t-1 to t-3,latent_risk_content,continuous,low,LOCK_AS_COMPLETE_BLOCK_AFTER_MAPPING,,,,,,,,,,,,,,,,Do not restrict the benchmark to the variables retained by the paper's univariate/backward screening.
20,tran_earnings_cfo_gap,Earnings–Operating Cash Flow Gap,Chênh lệch lợi nhuận và dòng tiền hoạt động,Vietnam published benchmarks,Tran VSA 240/Fraud Triangle,C2_VIETNAM_FULL_BENCHMARK,COMPLETE_PUBLISHED_CANDIDATE_SET,Complete Vietnam benchmark; report as one prespecified block,TRA2015,TRA2015 variable definitions and Model 1,(Profit after tax_t - Operating cash flow_t) / Total assets_t,profit after tax; operating cash flow; total assets,t,latent_risk_content,continuous,low,LOCK_AS_COMPLETE_BLOCK_AFTER_MAPPING,,,,,,,,,,,,,,,,Do not restrict the benchmark to the variables retained by the paper's univariate/backward screening.
21,tran_sales_receivables,Sales to Receivables,Tỷ lệ doanh thu trên nợ phải thu,Vietnam published benchmarks,Tran VSA 240/Fraud Triangle,C2_VIETNAM_FULL_BENCHMARK,COMPLETE_PUBLISHED_CANDIDATE_SET,Complete Vietnam benchmark; report as one prespecified block,TRA2015,TRA2015 variable definitions and Model 1,Net sales_t / Net receivables_t,net sales; net receivables,t,latent_risk_content,continuous,low,LOCK_AS_COMPLETE_BLOCK_AFTER_MAPPING,,,,,,,,,,,,,,,,Do not restrict the benchmark to the variables retained by the paper's univariate/backward screening.
22,tran_sales_assets,Sales to Total Assets,Tỷ lệ doanh thu trên tổng tài sản,Vietnam published benchmarks,Tran VSA 240/Fraud Triangle,C2_VIETNAM_FULL_BENCHMARK,COMPLETE_PUBLISHED_CANDIDATE_SET,Complete Vietnam benchmark; report as one prespecified block,TRA2015,TRA2015 variable definitions and Model 1,Net sales_t / Total assets_t,net sales; total assets,t,latent_risk_content,continuous,low,LOCK_AS_COMPLETE_BLOCK_AFTER_MAPPING,,,,,,,,,,,,,,,,Do not restrict the benchmark to the variables retained by the paper's univariate/backward screening.
23,tran_inventory_assets,Inventory to Total Assets,Tỷ trọng hàng tồn kho trên tổng tài sản,Vietnam published benchmarks,Tran VSA 240/Fraud Triangle,C2_VIETNAM_FULL_BENCHMARK,COMPLETE_PUBLISHED_CANDIDATE_SET,Complete Vietnam benchmark; report as one prespecified block,TRA2015,TRA2015 variable definitions and Model 1,Inventory_t / Total assets_t,inventory; total assets,t,latent_risk_content,continuous,low,LOCK_AS_COMPLETE_BLOCK_AFTER_MAPPING,,,,,,,,,,,,,,,,Do not restrict the benchmark to the variables retained by the paper's univariate/backward screening.
24,tran_prior_loss,Prior-year Loss Indicator,Biến chỉ báo lỗ năm trước liền kề,Vietnam published benchmarks,Tran VSA 240/Fraud Triangle,C2_VIETNAM_FULL_BENCHMARK,COMPLETE_PUBLISHED_CANDIDATE_SET,Complete Vietnam benchmark; report as one prespecified block,TRA2015,TRA2015 variable definitions and Model 1,1 if profit in t-1 < 0; otherwise 0,profit t-1,t-1,latent_risk_content,binary,low,LOCK_AS_COMPLETE_BLOCK_AFTER_MAPPING,,,,,,,,,,,,,,,,Do not restrict the benchmark to the variables retained by the paper's univariate/backward screening.
25,tran_two_year_negative_cfo,Two-year Negative Operating Cash Flow Indicator,Biến chỉ báo dòng tiền hoạt động âm trong hai năm trước,Vietnam published benchmarks,Tran VSA 240/Fraud Triangle,C2_VIETNAM_FULL_BENCHMARK,COMPLETE_PUBLISHED_CANDIDATE_SET,Complete Vietnam benchmark; report as one prespecified block,TRA2015,TRA2015 variable definitions and Model 1,1 if operating cash flow is negative in both t-1 and t-2; otherwise 0,operating cash flow t-1 and t-2,t-1 and t-2,latent_risk_content,binary,low,LOCK_AS_COMPLETE_BLOCK_AFTER_MAPPING,,,,,,,,,,,,,,,,Do not restrict the benchmark to the variables retained by the paper's univariate/backward screening.
26,tran_zscore_distress,Altman Z-score Distress Indicator,Biến chỉ báo kiệt quệ theo Z-score,Vietnam published benchmarks,Tran VSA 240/Fraud Triangle,C2_VIETNAM_FULL_BENCHMARK,COMPLETE_PUBLISHED_CANDIDATE_SET,Complete Vietnam benchmark; report as one prespecified block,TRA2015,TRA2015 variable definitions and Model 1,1 if the specified Z-score is below the paper's cutoff; otherwise 0,Altman Z-score inputs,t or lagged as specified,latent_risk_content,binary,low,LOCK_AS_COMPLETE_BLOCK_AFTER_MAPPING,,,,,,,,,,,,,,,,Do not restrict the benchmark to the variables retained by the paper's univariate/backward screening.
27,tran_leverage,Debt Leverage,Đòn cân nợ,Vietnam published benchmarks,Tran VSA 240/Fraud Triangle,C2_VIETNAM_FULL_BENCHMARK,COMPLETE_PUBLISHED_CANDIDATE_SET,Complete Vietnam benchmark; report as one prespecified block,TRA2015,TRA2015 variable definitions and Model 1,(Short-term borrowings_t + Long-term borrowings_t) / Total assets_t,short-term borrowings; long-term borrowings; total assets,t,latent_risk_content,continuous,low,LOCK_AS_COMPLETE_BLOCK_AFTER_MAPPING,,,,,,,,,,,,,,,,Do not restrict the benchmark to the variables retained by the paper's univariate/backward screening.
28,tran_self_financing_capacity,Self-financing Capacity,Khả năng tự tài trợ,Vietnam published benchmarks,Tran VSA 240/Fraud Triangle,C2_VIETNAM_FULL_BENCHMARK,COMPLETE_PUBLISHED_CANDIDATE_SET,Complete Vietnam benchmark; report as one prespecified block,TRA2015,TRA2015 variable definitions and Model 1,(Operating cash flow_t - three-year average capital expenditure) / Current assets_t-1,operating cash flow; capital expenditure; current assets,t and prior three years,latent_risk_content,continuous,low,LOCK_AS_COMPLETE_BLOCK_AFTER_MAPPING,,,,,,,,,,,,,,,,Do not restrict the benchmark to the variables retained by the paper's univariate/backward screening.
29,tran_financing_need,External Financing Need,Nhu cầu huy động vốn,Vietnam published benchmarks,Tran VSA 240/Fraud Triangle,C2_VIETNAM_FULL_BENCHMARK,COMPLETE_PUBLISHED_CANDIDATE_SET,Complete Vietnam benchmark; report as one prespecified block,TRA2015,TRA2015 variable definitions and Model 1,(Operating cash flow_t - cash dividends_t - capital expenditure_t) / Total assets_t,operating cash flow; cash dividends; capital expenditure; total assets,t,latent_risk_content,continuous,low,LOCK_AS_COMPLETE_BLOCK_AFTER_MAPPING,,,,,,,,,,,,,,,,Do not restrict the benchmark to the variables retained by the paper's univariate/backward screening.
30,tran_roa_ending_assets,Return on Assets using Ending Assets,Tỷ suất sinh lợi trên tổng tài sản cuối kỳ,Vietnam published benchmarks,Tran VSA 240/Fraud Triangle,C2_VIETNAM_FULL_BENCHMARK,COMPLETE_PUBLISHED_CANDIDATE_SET,Complete Vietnam benchmark; report as one prespecified block,TRA2015,TRA2015 variable definitions and Model 1,Profit after tax_t-1 / Total assets_t,profit after tax t-1; ending total assets t,t and t-1,latent_risk_content,continuous,low,LOCK_AS_COMPLETE_BLOCK_AFTER_MAPPING,,,,,,,,,,,,,,,,Do not restrict the benchmark to the variables retained by the paper's univariate/backward screening.
31,tran_change_receivables_sales,Change in Receivables-to-Sales,Thay đổi tỷ lệ phải thu trên doanh thu,Vietnam published benchmarks,Tran VSA 240/Fraud Triangle,C2_VIETNAM_FULL_BENCHMARK,COMPLETE_PUBLISHED_CANDIDATE_SET,Complete Vietnam benchmark; report as one prespecified block,TRA2015,TRA2015 variable definitions and Model 1,(Net receivables_t/Sales_t) - (Net receivables_t-1/Sales_t-1),net receivables; sales,t and t-1,latent_risk_content,continuous,low,LOCK_AS_COMPLETE_BLOCK_AFTER_MAPPING,,,,,,,,,,,,,,,,Do not restrict the benchmark to the variables retained by the paper's univariate/backward screening.
32,tran_change_inventory_sales,Change in Inventory-to-Sales,Thay đổi tỷ lệ hàng tồn kho trên doanh thu,Vietnam published benchmarks,Tran VSA 240/Fraud Triangle,C2_VIETNAM_FULL_BENCHMARK,COMPLETE_PUBLISHED_CANDIDATE_SET,Complete Vietnam benchmark; report as one prespecified block,TRA2015,TRA2015 variable definitions and Model 1,(Inventory_t/Sales_t) - (Inventory_t-1/Sales_t-1),inventory; sales,t and t-1,latent_risk_content,continuous,low,LOCK_AS_COMPLETE_BLOCK_AFTER_MAPPING,,,,,,,,,,,,,,,,Do not restrict the benchmark to the variables retained by the paper's univariate/backward screening.
33,tran_ceo_duality,CEO–Chair Duality,Kiêm nhiệm Chủ tịch HĐQT và Tổng giám đốc,Vietnam published benchmarks,Tran VSA 240/Fraud Triangle,C2_VIETNAM_FULL_BENCHMARK,COMPLETE_PUBLISHED_CANDIDATE_SET,Complete Vietnam benchmark; report as one prespecified block,TRA2015,TRA2015 variable definitions and Model 1,1 if the board chair concurrently serves as CEO; otherwise 0,board-chair and CEO roles,known at anchor,latent_risk_content,binary,low,LOCK_AS_COMPLETE_BLOCK_AFTER_MAPPING,,,,,,,,,,,,,,,,Do not restrict the benchmark to the variables retained by the paper's univariate/backward screening.
34,tran_non_big4_auditor,Non-Big-Four Auditor Indicator,Biến chỉ báo công ty kiểm toán không thuộc Big Four,Vietnam published benchmarks,Tran VSA 240/Fraud Triangle,C2_VIETNAM_FULL_BENCHMARK,COMPLETE_PUBLISHED_CANDIDATE_SET,Complete Vietnam benchmark; report as one prespecified block,TRA2015,TRA2015 variable definitions and Model 1,1 if auditor is not a Big Four firm; otherwise 0,auditor identity,known at anchor,ambiguous_content_and_label_mechanism,binary,medium,LOCK_AS_COMPLETE_BLOCK_AFTER_MAPPING,,,,,,,,,,,,,,,,Do not restrict the benchmark to the variables retained by the paper's univariate/backward screening.
35,tran_auditor_change_2y,Auditor Change within Prior Two Years,Thay đổi kiểm toán viên trong hai năm trước,Vietnam published benchmarks,Tran VSA 240/Fraud Triangle,C2_VIETNAM_FULL_BENCHMARK,COMPLETE_PUBLISHED_CANDIDATE_SET,Complete Vietnam benchmark; report as one prespecified block,TRA2015,TRA2015 variable definitions and Model 1,1 if the independent auditor changed within the prior two years; otherwise 0,auditor identity history,t-1 and t-2,ambiguous_content_and_label_mechanism,binary,medium,LOCK_AS_COMPLETE_BLOCK_AFTER_MAPPING,,,,,,,,,,,,,,,,Do not restrict the benchmark to the variables retained by the paper's univariate/backward screening.
36,tran_nonclean_audit_opinion,Non-clean Audit Opinion Indicator,Biến chỉ báo ý kiến kiểm toán không phải chấp nhận toàn phần,Vietnam published benchmarks,Tran VSA 240/Fraud Triangle,C2_VIETNAM_FULL_BENCHMARK,COMPLETE_PUBLISHED_CANDIDATE_SET,Complete Vietnam benchmark; report as one prespecified block,TRA2015,TRA2015 variable definitions and Model 1,1 if the relevant prior audit opinion is non-clean; otherwise 0,audit opinion,must be lagged/available at anchor,ambiguous_content_and_label_mechanism,binary,medium,LOCK_AS_COMPLETE_BLOCK_AFTER_MAPPING,,,,,,,,,,,,,,,,Do not restrict the benchmark to the variables retained by the paper's univariate/backward screening.
37,tran_prior_profit_adjustment_count,Prior Pre/Post-audit Profit-adjustment Count,Số lần chênh lệch lợi nhuận trước–sau kiểm toán trong ba năm trước,Vietnam published benchmarks,Tran VSA 240/Fraud Triangle,C2_VIETNAM_FULL_BENCHMARK,COMPLETE_PUBLISHED_CANDIDATE_SET,Complete Vietnam benchmark; report as one prespecified block,TRA2015,TRA2015 variable definitions and Model 1,Count of prior three fiscal years with a pre/post-audit profit difference,authorized pre/post profit pairs,t-1 to t-3,latent_risk_content,continuous,high,LOCK_AS_COMPLETE_BLOCK_AFTER_MAPPING,,,,,,,,,,,,,,,,Do not restrict the benchmark to the variables retained by the paper's univariate/backward screening.
38,tran_firm_size,Firm Size,Quy mô doanh nghiệp,Vietnam published benchmarks,Tran VSA 240/Fraud Triangle,C2_VIETNAM_FULL_BENCHMARK,COMPLETE_PUBLISHED_CANDIDATE_SET,Complete Vietnam benchmark; report as one prespecified block,TRA2015,TRA2015 variable definitions and Model 1,Natural logarithm of audited total assets,audited total assets,t,ambiguous_content_and_label_mechanism,continuous,low,LOCK_AS_COMPLETE_BLOCK_AFTER_MAPPING,,,,,,,,,,,,,,,,Do not restrict the benchmark to the variables retained by the paper's univariate/backward screening.
39,bui_firm_age,Firm Age,Tuổi doanh nghiệp,Vietnam published benchmarks,Bui M-score/F-score controls,C2_VIETNAM_FULL_BENCHMARK,COMPLETE_PUBLISHED_CONTROL_BLOCK,Control block accompanying complete Beneish and Dechow replications,BUI2021,BUI2021 research model and Table 1,Number of years since incorporation,incorporation date,t,latent_risk_content,continuous,low,LOCK_AS_COMPLETE_BLOCK_AFTER_MAPPING,,,,,,,,,,,,,,,,
40,bui_firm_size,Firm Size,Quy mô doanh nghiệp,Vietnam published benchmarks,Bui M-score/F-score controls,C2_VIETNAM_FULL_BENCHMARK,COMPLETE_PUBLISHED_CONTROL_BLOCK,Control block accompanying complete Beneish and Dechow replications,BUI2021,BUI2021 research model and Table 1,Natural logarithm of total assets,total assets,t,ambiguous_content_and_label_mechanism,continuous,low,LOCK_AS_COMPLETE_BLOCK_AFTER_MAPPING,,,,,,,,,,,,,,,,
41,bui_big4_auditor,Big Four Auditor Indicator,Biến chỉ báo công ty kiểm toán Big Four,Vietnam published benchmarks,Bui M-score/F-score controls,C2_VIETNAM_FULL_BENCHMARK,COMPLETE_PUBLISHED_CONTROL_BLOCK,Control block accompanying complete Beneish and Dechow replications,BUI2021,BUI2021 research model and Table 1,1 if auditor belongs to Big Four; otherwise 0,auditor identity,known at anchor,ambiguous_content_and_label_mechanism,binary,medium,LOCK_AS_COMPLETE_BLOCK_AFTER_MAPPING,,,,,,,,,,,,,,,,
42,bui_altman_zscore,Altman Z-score,Chỉ số Z của Altman,Vietnam published benchmarks,Bui M-score/F-score controls,C2_VIETNAM_FULL_BENCHMARK,COMPLETE_PUBLISHED_CONTROL_BLOCK,Control block accompanying complete Beneish and Dechow replications,BUI2021,BUI2021 research model and Table 1,Published Altman Z-score formula used by the paper,Altman Z-score inputs,t,latent_risk_content,continuous,low,LOCK_AS_COMPLETE_BLOCK_AFTER_MAPPING,,,,,,,,,,,,,,,,
43,bui_listing_status,Main-exchange Listing Status,Tình trạng niêm yết trên HOSE/HNX,Vietnam published benchmarks,Bui M-score/F-score controls,C2_VIETNAM_FULL_BENCHMARK,COMPLETE_PUBLISHED_CONTROL_BLOCK,Control block accompanying complete Beneish and Dechow replications,BUI2021,BUI2021 research model and Table 1,1 if listed on HOSE or HNX; 0 for UPCoM in the study,listing board,t,ambiguous_content_and_label_mechanism,binary,medium,LOCK_AS_COMPLETE_BLOCK_AFTER_MAPPING,,,,,,,,,,,,,,,,
44,zhpu_wc_acc,Working-capital Accruals (wc_acc),Dồn tích vốn lưu động,Recent PU specifications,Zhang 2025 PU ratio block,C3_RECENT_PU_FULL_BLOCK,COMPLETE_PUBLISHED_RATIO_BLOCK,Replicate the complete 13-ratio block only after exact source transcription,ZHPU2025,ZHPU2025 Table A3,Formula must be transcribed exactly from Table A3 before locking.,raw concepts from the published 28-item block,mostly t and t-1,latent_risk_content,continuous,low,SOURCE_FORMULA_TRANSCRIPTION_REQUIRED,,,,,,,,,,,,,,,,The abbreviation/name is source-grounded; Codex must not infer or alter the formula.
45,zhpu_ch_rec,Change in Receivables (ch_rec),Thay đổi khoản phải thu,Recent PU specifications,Zhang 2025 PU ratio block,C3_RECENT_PU_FULL_BLOCK,COMPLETE_PUBLISHED_RATIO_BLOCK,Replicate the complete 13-ratio block only after exact source transcription,ZHPU2025,ZHPU2025 Table A3,Formula must be transcribed exactly from Table A3 before locking.,raw concepts from the published 28-item block,mostly t and t-1,latent_risk_content,continuous,low,SOURCE_FORMULA_TRANSCRIPTION_REQUIRED,,,,,,,,,,,,,,,,The abbreviation/name is source-grounded; Codex must not infer or alter the formula.
46,zhpu_ch_inv,Change in Inventory (ch_inv),Thay đổi hàng tồn kho,Recent PU specifications,Zhang 2025 PU ratio block,C3_RECENT_PU_FULL_BLOCK,COMPLETE_PUBLISHED_RATIO_BLOCK,Replicate the complete 13-ratio block only after exact source transcription,ZHPU2025,ZHPU2025 Table A3,Formula must be transcribed exactly from Table A3 before locking.,raw concepts from the published 28-item block,mostly t and t-1,latent_risk_content,continuous,low,SOURCE_FORMULA_TRANSCRIPTION_REQUIRED,,,,,,,,,,,,,,,,The abbreviation/name is source-grounded; Codex must not infer or alter the formula.
47,zhpu_per_sa,Percentage of Soft Assets (per_sa),Tỷ lệ tài sản mềm,Recent PU specifications,Zhang 2025 PU ratio block,C3_RECENT_PU_FULL_BLOCK,COMPLETE_PUBLISHED_RATIO_BLOCK,Replicate the complete 13-ratio block only after exact source transcription,ZHPU2025,ZHPU2025 Table A3,Formula must be transcribed exactly from Table A3 before locking.,raw concepts from the published 28-item block,mostly t and t-1,latent_risk_content,continuous,low,SOURCE_FORMULA_TRANSCRIPTION_REQUIRED,,,,,,,,,,,,,,,,The abbreviation/name is source-grounded; Codex must not infer or alter the formula.
48,zhpu_ch_or,Change in Operating Revenue (ch_or),Thay đổi doanh thu hoạt động,Recent PU specifications,Zhang 2025 PU ratio block,C3_RECENT_PU_FULL_BLOCK,COMPLETE_PUBLISHED_RATIO_BLOCK,Replicate the complete 13-ratio block only after exact source transcription,ZHPU2025,ZHPU2025 Table A3,Formula must be transcribed exactly from Table A3 before locking.,raw concepts from the published 28-item block,mostly t and t-1,latent_risk_content,continuous,low,SOURCE_FORMULA_TRANSCRIPTION_REQUIRED,,,,,,,,,,,,,,,,The abbreviation/name is source-grounded; Codex must not infer or alter the formula.
49,zhpu_ch_cm,Change in Cash Margin (ch_cm),Thay đổi biên tiền mặt,Recent PU specifications,Zhang 2025 PU ratio block,C3_RECENT_PU_FULL_BLOCK,COMPLETE_PUBLISHED_RATIO_BLOCK,Replicate the complete 13-ratio block only after exact source transcription,ZHPU2025,ZHPU2025 Table A3,Formula must be transcribed exactly from Table A3 before locking.,raw concepts from the published 28-item block,mostly t and t-1,latent_risk_content,continuous,low,SOURCE_FORMULA_TRANSCRIPTION_REQUIRED,,,,,,,,,,,,,,,,The abbreviation/name is source-grounded; Codex must not infer or alter the formula.
50,zhpu_ch_ra,Change in Return on Assets (ch_ra),Thay đổi tỷ suất sinh lợi trên tài sản,Recent PU specifications,Zhang 2025 PU ratio block,C3_RECENT_PU_FULL_BLOCK,COMPLETE_PUBLISHED_RATIO_BLOCK,Replicate the complete 13-ratio block only after exact source transcription,ZHPU2025,ZHPU2025 Table A3,Formula must be transcribed exactly from Table A3 before locking.,raw concepts from the published 28-item block,mostly t and t-1,latent_risk_content,continuous,low,SOURCE_FORMULA_TRANSCRIPTION_REQUIRED,,,,,,,,,,,,,,,,The abbreviation/name is source-grounded; Codex must not infer or alter the formula.
51,zhpu_ch_reot,Change in Retained Earnings over Total Assets (ch_reot),Thay đổi lợi nhuận giữ lại trên tổng tài sản,Recent PU specifications,Zhang 2025 PU ratio block,C3_RECENT_PU_FULL_BLOCK,COMPLETE_PUBLISHED_RATIO_BLOCK,Replicate the complete 13-ratio block only after exact source transcription,ZHPU2025,ZHPU2025 Table A3,Formula must be transcribed exactly from Table A3 before locking.,raw concepts from the published 28-item block,mostly t and t-1,latent_risk_content,continuous,low,SOURCE_FORMULA_TRANSCRIPTION_REQUIRED,,,,,,,,,,,,,,,,The abbreviation/name is source-grounded; Codex must not infer or alter the formula.
52,zhpu_ch_ebit,Change in EBIT (ch_ebit),Thay đổi EBIT,Recent PU specifications,Zhang 2025 PU ratio block,C3_RECENT_PU_FULL_BLOCK,COMPLETE_PUBLISHED_RATIO_BLOCK,Replicate the complete 13-ratio block only after exact source transcription,ZHPU2025,ZHPU2025 Table A3,Formula must be transcribed exactly from Table A3 before locking.,raw concepts from the published 28-item block,mostly t and t-1,latent_risk_content,continuous,low,SOURCE_FORMULA_TRANSCRIPTION_REQUIRED,,,,,,,,,,,,,,,,The abbreviation/name is source-grounded; Codex must not infer or alter the formula.
53,zhpu_ch_ni,Change in Net Income (ch_ni),Thay đổi lợi nhuận ròng,Recent PU specifications,Zhang 2025 PU ratio block,C3_RECENT_PU_FULL_BLOCK,COMPLETE_PUBLISHED_RATIO_BLOCK,Replicate the complete 13-ratio block only after exact source transcription,ZHPU2025,ZHPU2025 Table A3,Formula must be transcribed exactly from Table A3 before locking.,raw concepts from the published 28-item block,mostly t and t-1,latent_risk_content,continuous,low,SOURCE_FORMULA_TRANSCRIPTION_REQUIRED,,,,,,,,,,,,,,,,The abbreviation/name is source-grounded; Codex must not infer or alter the formula.
54,zhpu_book_to_market,Book-to-Market Ratio (Bm),Tỷ số giá trị sổ sách trên giá trị thị trường,Recent PU specifications,Zhang 2025 PU ratio block,C3_RECENT_PU_FULL_BLOCK,COMPLETE_PUBLISHED_RATIO_BLOCK,Replicate the complete 13-ratio block only after exact source transcription,ZHPU2025,ZHPU2025 Table A3,Formula must be transcribed exactly from Table A3 before locking.,raw concepts from the published 28-item block,mostly t and t-1,latent_risk_content,continuous,low,SOURCE_FORMULA_TRANSCRIPTION_REQUIRED,,,,,,,,,,,,,,,,The abbreviation/name is source-grounded; Codex must not infer or alter the formula.
55,zhpu_leverage,Leverage (Lev),Đòn bẩy tài chính,Recent PU specifications,Zhang 2025 PU ratio block,C3_RECENT_PU_FULL_BLOCK,COMPLETE_PUBLISHED_RATIO_BLOCK,Replicate the complete 13-ratio block only after exact source transcription,ZHPU2025,ZHPU2025 Table A3,Formula must be transcribed exactly from Table A3 before locking.,raw concepts from the published 28-item block,mostly t and t-1,latent_risk_content,continuous,low,SOURCE_FORMULA_TRANSCRIPTION_REQUIRED,,,,,,,,,,,,,,,,The abbreviation/name is source-grounded; Codex must not infer or alter the formula.
56,zhpu_change_leverage,Change in Leverage (de_lev),Thay đổi đòn bẩy tài chính,Recent PU specifications,Zhang 2025 PU ratio block,C3_RECENT_PU_FULL_BLOCK,COMPLETE_PUBLISHED_RATIO_BLOCK,Replicate the complete 13-ratio block only after exact source transcription,ZHPU2025,ZHPU2025 Table A3,Formula must be transcribed exactly from Table A3 before locking.,raw concepts from the published 28-item block,mostly t and t-1,latent_risk_content,continuous,low,SOURCE_FORMULA_TRANSCRIPTION_REQUIRED,,,,,,,,,,,,,,,,The abbreviation/name is source-grounded; Codex must not infer or alter the formula.
57,raw_aco,Current Assets Other Total,Tài sản ngắn hạn khác,Raw accounting universe,As-reported line items,R2_OPTIONAL_RAW_78_EXTENSION,COMPLETE_PUBLISHED_RAW_BLOCK,Optional high-dimensional as-reported robustness block,WANG2025,WANG2025 Appendix B; ZHPU2025 Table A2 where applicable,As reported; no ratio transformation at catalogue stage,Current Assets Other Total,Fiscal year t; lagged versions may be generated only by registered transformations,latent_risk_content,continuous,low,DATA_MAPPING_AUDIT_REQUIRED,,,,,,,,,,,,,,,,Published source code: aco.
58,raw_act,Current Assets—Total,Tổng tài sản ngắn hạn,Raw accounting universe,As-reported line items,R2_OPTIONAL_RAW_78_EXTENSION,COMPLETE_PUBLISHED_RAW_BLOCK,Optional high-dimensional as-reported robustness block,WANG2025,WANG2025 Appendix B; ZHPU2025 Table A2 where applicable,As reported; no ratio transformation at catalogue stage,Current Assets—Total,Fiscal year t; lagged versions may be generated only by registered transformations,latent_risk_content,continuous,low,DATA_MAPPING_AUDIT_REQUIRED,,,,,,,,,,,,,,,,Published source code: act.
59,raw_ao,Assets—Other,Tài sản khác,Raw accounting universe,As-reported line items,R2_OPTIONAL_RAW_78_EXTENSION,COMPLETE_PUBLISHED_RAW_BLOCK,Optional high-dimensional as-reported robustness block,WANG2025,WANG2025 Appendix B; ZHPU2025 Table A2 where applicable,As reported; no ratio transformation at catalogue stage,Assets—Other,Fiscal year t; lagged versions may be generated only by registered transformations,latent_risk_content,continuous,low,DATA_MAPPING_AUDIT_REQUIRED,,,,,,,,,,,,,,,,Published source code: ao.
60,raw_ap,Accounts Payable—Trade,Phải trả người bán,Raw accounting universe,As-reported line items,C4_PRIMARY_RAW_28,COMPLETE_PUBLISHED_RAW_BLOCK,Primary raw-accounting universe candidate,WANG2025; ZHPU2025; BAO2020; YANG2026; ZAV2025,WANG2025 Appendix B; ZHPU2025 Table A2 where applicable,As reported; no ratio transformation at catalogue stage,Accounts Payable—Trade,Fiscal year t; lagged versions may be generated only by registered transformations,latent_risk_content,continuous,low,DATA_MAPPING_AUDIT_REQUIRED,,,,,,,,,,,,,,,,Published source code: ap.
61,raw_at,Assets—Total,Tổng tài sản,Raw accounting universe,As-reported line items,C4_PRIMARY_RAW_28,COMPLETE_PUBLISHED_RAW_BLOCK,Primary raw-accounting universe candidate,WANG2025; ZHPU2025; BAO2020; YANG2026; ZAV2025,WANG2025 Appendix B; ZHPU2025 Table A2 where applicable,As reported; no ratio transformation at catalogue stage,Assets—Total,Fiscal year t; lagged versions may be generated only by registered transformations,latent_risk_content,continuous,low,DATA_MAPPING_AUDIT_REQUIRED,,,,,,,,,,,,,,,,Published source code: at.
62,raw_bkvlps,Book Value Per Share,Giá trị sổ sách trên mỗi cổ phiếu,Raw accounting universe,As-reported line items,R2_OPTIONAL_RAW_78_EXTENSION,COMPLETE_PUBLISHED_RAW_BLOCK,Optional high-dimensional as-reported robustness block,WANG2025,WANG2025 Appendix B; ZHPU2025 Table A2 where applicable,As reported; no ratio transformation at catalogue stage,Book Value Per Share,Fiscal year t; lagged versions may be generated only by registered transformations,latent_risk_content,continuous,low,DATA_MAPPING_AUDIT_REQUIRED,,,,,,,,,,,,,,,,Published source code: bkvlps.
63,raw_caps,Capital Surplus/Share Premium Reserve,Thặng dư vốn cổ phần,Raw accounting universe,As-reported line items,R2_OPTIONAL_RAW_78_EXTENSION,COMPLETE_PUBLISHED_RAW_BLOCK,Optional high-dimensional as-reported robustness block,WANG2025,WANG2025 Appendix B; ZHPU2025 Table A2 where applicable,As reported; no ratio transformation at catalogue stage,Capital Surplus/Share Premium Reserve,Fiscal year t; lagged versions may be generated only by registered transformations,latent_risk_content,continuous,low,DATA_MAPPING_AUDIT_REQUIRED,,,,,,,,,,,,,,,,Published source code: caps.
64,raw_capx,Capital Expenditures,Chi tiêu vốn,Raw accounting universe,As-reported line items,R2_OPTIONAL_RAW_78_EXTENSION,COMPLETE_PUBLISHED_RAW_BLOCK,Optional high-dimensional as-reported robustness block,WANG2025,WANG2025 Appendix B; ZHPU2025 Table A2 where applicable,As reported; no ratio transformation at catalogue stage,Capital Expenditures,Fiscal year t; lagged versions may be generated only by registered transformations,latent_risk_content,continuous,low,DATA_MAPPING_AUDIT_REQUIRED,,,,,,,,,,,,,,,,Published source code: capx.
65,raw_capxv,"Capital Expenditure—Property, Plant and Equipment Schedule",Chi tiêu vốn cho tài sản cố định hữu hình,Raw accounting universe,As-reported line items,R2_OPTIONAL_RAW_78_EXTENSION,COMPLETE_PUBLISHED_RAW_BLOCK,Optional high-dimensional as-reported robustness block,WANG2025,WANG2025 Appendix B; ZHPU2025 Table A2 where applicable,As reported; no ratio transformation at catalogue stage,"Capital Expenditure—Property, Plant and Equipment Schedule",Fiscal year t; lagged versions may be generated only by registered transformations,latent_risk_content,continuous,low,DATA_MAPPING_AUDIT_REQUIRED,,,,,,,,,,,,,,,,Published source code: capxv.
66,raw_ceq,Common/Ordinary Equity—Total,Tổng vốn cổ phần phổ thông,Raw accounting universe,As-reported line items,R2_OPTIONAL_RAW_78_EXTENSION,COMPLETE_PUBLISHED_RAW_BLOCK,Optional high-dimensional as-reported robustness block,WANG2025,WANG2025 Appendix B; ZHPU2025 Table A2 where applicable,As reported; no ratio transformation at catalogue stage,Common/Ordinary Equity—Total,Fiscal year t; lagged versions may be generated only by registered transformations,latent_risk_content,continuous,low,DATA_MAPPING_AUDIT_REQUIRED,,,,,,,,,,,,,,,,Published source code: ceq.
67,raw_ceql,Common Equity Liquidation Value,Giá trị thanh lý vốn cổ phần phổ thông,Raw accounting universe,As-reported line items,R2_OPTIONAL_RAW_78_EXTENSION,COMPLETE_PUBLISHED_RAW_BLOCK,Optional high-dimensional as-reported robustness block,WANG2025,WANG2025 Appendix B; ZHPU2025 Table A2 where applicable,As reported; no ratio transformation at catalogue stage,Common Equity Liquidation Value,Fiscal year t; lagged versions may be generated only by registered transformations,latent_risk_content,continuous,low,DATA_MAPPING_AUDIT_REQUIRED,,,,,,,,,,,,,,,,Published source code: ceql.
68,raw_ceqt,Common Equity Tangible,Vốn chủ sở hữu hữu hình,Raw accounting universe,As-reported line items,R2_OPTIONAL_RAW_78_EXTENSION,COMPLETE_PUBLISHED_RAW_BLOCK,Optional high-dimensional as-reported robustness block,WANG2025,WANG2025 Appendix B; ZHPU2025 Table A2 where applicable,As reported; no ratio transformation at catalogue stage,Common Equity Tangible,Fiscal year t; lagged versions may be generated only by registered transformations,latent_risk_content,continuous,low,DATA_MAPPING_AUDIT_REQUIRED,,,,,,,,,,,,,,,,Published source code: ceqt.
69,raw_che,Cash and Short-Term Investments,Tiền và đầu tư ngắn hạn,Raw accounting universe,As-reported line items,C4_PRIMARY_RAW_28,COMPLETE_PUBLISHED_RAW_BLOCK,Primary raw-accounting universe candidate,WANG2025; ZHPU2025; BAO2020; YANG2026; ZAV2025,WANG2025 Appendix B; ZHPU2025 Table A2 where applicable,As reported; no ratio transformation at catalogue stage,Cash and Short-Term Investments,Fiscal year t; lagged versions may be generated only by registered transformations,latent_risk_content,continuous,low,DATA_MAPPING_AUDIT_REQUIRED,,,,,,,,,,,,,,,,Published source code: che.
70,raw_cogs,Cost of Goods Sold,Giá vốn hàng bán,Raw accounting universe,As-reported line items,C4_PRIMARY_RAW_28,COMPLETE_PUBLISHED_RAW_BLOCK,Primary raw-accounting universe candidate,WANG2025; ZHPU2025; BAO2020; YANG2026; ZAV2025,WANG2025 Appendix B; ZHPU2025 Table A2 where applicable,As reported; no ratio transformation at catalogue stage,Cost of Goods Sold,Fiscal year t; lagged versions may be generated only by registered transformations,latent_risk_content,continuous,low,DATA_MAPPING_AUDIT_REQUIRED,,,,,,,,,,,,,,,,Published source code: cogs.
71,raw_csho,Common Shares Outstanding,Số cổ phiếu phổ thông đang lưu hành,Raw accounting universe,As-reported line items,R2_OPTIONAL_RAW_78_EXTENSION,COMPLETE_PUBLISHED_RAW_BLOCK,Optional high-dimensional as-reported robustness block,WANG2025,WANG2025 Appendix B; ZHPU2025 Table A2 where applicable,As reported; no ratio transformation at catalogue stage,Common Shares Outstanding,Fiscal year t; lagged versions may be generated only by registered transformations,latent_risk_content,continuous,low,DATA_MAPPING_AUDIT_REQUIRED,,,,,,,,,,,,,,,,Published source code: csho.
72,raw_cstk,Common/Ordinary Stock Capital,Vốn cổ phần phổ thông,Raw accounting universe,As-reported line items,R2_OPTIONAL_RAW_78_EXTENSION,COMPLETE_PUBLISHED_RAW_BLOCK,Optional high-dimensional as-reported robustness block,WANG2025,WANG2025 Appendix B; ZHPU2025 Table A2 where applicable,As reported; no ratio transformation at catalogue stage,Common/Ordinary Stock Capital,Fiscal year t; lagged versions may be generated only by registered transformations,latent_risk_content,continuous,low,DATA_MAPPING_AUDIT_REQUIRED,,,,,,,,,,,,,,,,Published source code: cstk.
73,raw_cstke,Common Stock Equivalents—Dollar Savings,Khoản tương đương cổ phiếu phổ thông,Raw accounting universe,As-reported line items,R2_OPTIONAL_RAW_78_EXTENSION,COMPLETE_PUBLISHED_RAW_BLOCK,Optional high-dimensional as-reported robustness block,WANG2025,WANG2025 Appendix B; ZHPU2025 Table A2 where applicable,As reported; no ratio transformation at catalogue stage,Common Stock Equivalents—Dollar Savings,Fiscal year t; lagged versions may be generated only by registered transformations,latent_risk_content,continuous,low,DATA_MAPPING_AUDIT_REQUIRED,,,,,,,,,,,,,,,,Published source code: cstke.
74,raw_dcpstk,Convertible Debt and Preferred Stock,Nợ chuyển đổi và cổ phiếu ưu đãi,Raw accounting universe,As-reported line items,R2_OPTIONAL_RAW_78_EXTENSION,COMPLETE_PUBLISHED_RAW_BLOCK,Optional high-dimensional as-reported robustness block,WANG2025,WANG2025 Appendix B; ZHPU2025 Table A2 where applicable,As reported; no ratio transformation at catalogue stage,Convertible Debt and Preferred Stock,Fiscal year t; lagged versions may be generated only by registered transformations,latent_risk_content,continuous,low,DATA_MAPPING_AUDIT_REQUIRED,,,,,,,,,,,,,,,,Published source code: dcpstk.
75,raw_dcvt,Convertible Debt,Nợ chuyển đổi,Raw accounting universe,As-reported line items,R2_OPTIONAL_RAW_78_EXTENSION,COMPLETE_PUBLISHED_RAW_BLOCK,Optional high-dimensional as-reported robustness block,WANG2025,WANG2025 Appendix B; ZHPU2025 Table A2 where applicable,As reported; no ratio transformation at catalogue stage,Convertible Debt,Fiscal year t; lagged versions may be generated only by registered transformations,latent_risk_content,continuous,low,DATA_MAPPING_AUDIT_REQUIRED,,,,,,,,,,,,,,,,Published source code: dcvt.
76,raw_dd1,Long-Term Debt Due in One Year,Nợ dài hạn đến hạn trả trong một năm,Raw accounting universe,As-reported line items,R2_OPTIONAL_RAW_78_EXTENSION,COMPLETE_PUBLISHED_RAW_BLOCK,Optional high-dimensional as-reported robustness block,WANG2025,WANG2025 Appendix B; ZHPU2025 Table A2 where applicable,As reported; no ratio transformation at catalogue stage,Long-Term Debt Due in One Year,Fiscal year t; lagged versions may be generated only by registered transformations,latent_risk_content,continuous,low,DATA_MAPPING_AUDIT_REQUIRED,,,,,,,,,,,,,,,,Published source code: dd1.
77,raw_dlc,Debt in Current Liabilities—Total,Nợ vay trong nợ ngắn hạn,Raw accounting universe,As-reported line items,C4_PRIMARY_RAW_28,COMPLETE_PUBLISHED_RAW_BLOCK,Primary raw-accounting universe candidate,WANG2025; ZHPU2025; BAO2020; YANG2026; ZAV2025,WANG2025 Appendix B; ZHPU2025 Table A2 where applicable,As reported; no ratio transformation at catalogue stage,Debt in Current Liabilities—Total,Fiscal year t; lagged versions may be generated only by registered transformations,latent_risk_content,continuous,low,DATA_MAPPING_AUDIT_REQUIRED,,,,,,,,,,,,,,,,Published source code: dlc.
78,raw_dltis,Long-Term Debt Issuance,Phát hành nợ dài hạn,Raw accounting universe,As-reported line items,R2_OPTIONAL_RAW_78_EXTENSION,COMPLETE_PUBLISHED_RAW_BLOCK,Optional high-dimensional as-reported robustness block,WANG2025,WANG2025 Appendix B; ZHPU2025 Table A2 where applicable,As reported; no ratio transformation at catalogue stage,Long-Term Debt Issuance,Fiscal year t; lagged versions may be generated only by registered transformations,latent_risk_content,continuous,low,DATA_MAPPING_AUDIT_REQUIRED,,,,,,,,,,,,,,,,Published source code: dltis.
79,raw_dltr,Long-Term Debt Reduction,Giảm nợ dài hạn,Raw accounting universe,As-reported line items,R2_OPTIONAL_RAW_78_EXTENSION,COMPLETE_PUBLISHED_RAW_BLOCK,Optional high-dimensional as-reported robustness block,WANG2025,WANG2025 Appendix B; ZHPU2025 Table A2 where applicable,As reported; no ratio transformation at catalogue stage,Long-Term Debt Reduction,Fiscal year t; lagged versions may be generated only by registered transformations,latent_risk_content,continuous,low,DATA_MAPPING_AUDIT_REQUIRED,,,,,,,,,,,,,,,,Published source code: dltr.
80,raw_dltt,Long-Term Debt—Total,Tổng nợ dài hạn,Raw accounting universe,As-reported line items,C4_PRIMARY_RAW_28,COMPLETE_PUBLISHED_RAW_BLOCK,Primary raw-accounting universe candidate,WANG2025; ZHPU2025; BAO2020; YANG2026; ZAV2025,WANG2025 Appendix B; ZHPU2025 Table A2 where applicable,As reported; no ratio transformation at catalogue stage,Long-Term Debt—Total,Fiscal year t; lagged versions may be generated only by registered transformations,latent_risk_content,continuous,low,DATA_MAPPING_AUDIT_REQUIRED,,,,,,,,,,,,,,,,Published source code: dltt.
81,raw_do,Discontinued Operations,Hoạt động không tiếp tục,Raw accounting universe,As-reported line items,R2_OPTIONAL_RAW_78_EXTENSION,COMPLETE_PUBLISHED_RAW_BLOCK,Optional high-dimensional as-reported robustness block,WANG2025,WANG2025 Appendix B; ZHPU2025 Table A2 where applicable,As reported; no ratio transformation at catalogue stage,Discontinued Operations,Fiscal year t; lagged versions may be generated only by registered transformations,latent_risk_content,continuous,low,DATA_MAPPING_AUDIT_REQUIRED,,,,,,,,,,,,,,,,Published source code: do.
82,raw_dp,Depreciation and Amortization,Khấu hao và phân bổ,Raw accounting universe,As-reported line items,C4_PRIMARY_RAW_28,COMPLETE_PUBLISHED_RAW_BLOCK,Primary raw-accounting universe candidate,WANG2025; ZHPU2025; BAO2020; YANG2026; ZAV2025,WANG2025 Appendix B; ZHPU2025 Table A2 where applicable,As reported; no ratio transformation at catalogue stage,Depreciation and Amortization,Fiscal year t; lagged versions may be generated only by registered transformations,latent_risk_content,continuous,low,DATA_MAPPING_AUDIT_REQUIRED,,,,,,,,,,,,,,,,Published source code: dp.
83,raw_dpc,Depreciation and Amortization—Cash Flow,Khấu hao và phân bổ trên báo cáo lưu chuyển tiền tệ,Raw accounting universe,As-reported line items,C4_PRIMARY_RAW_28,COMPLETE_PUBLISHED_RAW_BLOCK,Primary raw-accounting universe candidate,WANG2025; ZHPU2025; BAO2020; YANG2026; ZAV2025,WANG2025 Appendix B; ZHPU2025 Table A2 where applicable,As reported; no ratio transformation at catalogue stage,Depreciation and Amortization—Cash Flow,Fiscal year t; lagged versions may be generated only by registered transformations,latent_risk_content,continuous,low,DATA_MAPPING_AUDIT_REQUIRED,,,,,,,,,,,,,,,,Published source code: dpc.
84,raw_dv,Cash Dividends—Cash Flow,Cổ tức bằng tiền trên báo cáo lưu chuyển tiền tệ,Raw accounting universe,As-reported line items,R2_OPTIONAL_RAW_78_EXTENSION,COMPLETE_PUBLISHED_RAW_BLOCK,Optional high-dimensional as-reported robustness block,WANG2025,WANG2025 Appendix B; ZHPU2025 Table A2 where applicable,As reported; no ratio transformation at catalogue stage,Cash Dividends—Cash Flow,Fiscal year t; lagged versions may be generated only by registered transformations,latent_risk_content,continuous,low,DATA_MAPPING_AUDIT_REQUIRED,,,,,,,,,,,,,,,,Published source code: dv.
85,raw_dvc,Dividends Common/Ordinary,Cổ tức cổ phiếu phổ thông,Raw accounting universe,As-reported line items,R2_OPTIONAL_RAW_78_EXTENSION,COMPLETE_PUBLISHED_RAW_BLOCK,Optional high-dimensional as-reported robustness block,WANG2025,WANG2025 Appendix B; ZHPU2025 Table A2 where applicable,As reported; no ratio transformation at catalogue stage,Dividends Common/Ordinary,Fiscal year t; lagged versions may be generated only by registered transformations,latent_risk_content,continuous,low,DATA_MAPPING_AUDIT_REQUIRED,,,,,,,,,,,,,,,,Published source code: dvc.
86,raw_dvp,Dividends—Preferred/Preference,Cổ tức cổ phiếu ưu đãi,Raw accounting universe,As-reported line items,R2_OPTIONAL_RAW_78_EXTENSION,COMPLETE_PUBLISHED_RAW_BLOCK,Optional high-dimensional as-reported robustness block,WANG2025,WANG2025 Appendix B; ZHPU2025 Table A2 where applicable,As reported; no ratio transformation at catalogue stage,Dividends—Preferred/Preference,Fiscal year t; lagged versions may be generated only by registered transformations,latent_risk_content,continuous,low,DATA_MAPPING_AUDIT_REQUIRED,,,,,,,,,,,,,,,,Published source code: dvp.
87,raw_dvt,Dividends—Total,Tổng cổ tức,Raw accounting universe,As-reported line items,R2_OPTIONAL_RAW_78_EXTENSION,COMPLETE_PUBLISHED_RAW_BLOCK,Optional high-dimensional as-reported robustness block,WANG2025,WANG2025 Appendix B; ZHPU2025 Table A2 where applicable,As reported; no ratio transformation at catalogue stage,Dividends—Total,Fiscal year t; lagged versions may be generated only by registered transformations,latent_risk_content,continuous,low,DATA_MAPPING_AUDIT_REQUIRED,,,,,,,,,,,,,,,,Published source code: dvt.
88,raw_ebit,Earnings Before Interest and Taxes,Lợi nhuận trước lãi vay và thuế,Raw accounting universe,As-reported line items,R2_OPTIONAL_RAW_78_EXTENSION,COMPLETE_PUBLISHED_RAW_BLOCK,Optional high-dimensional as-reported robustness block,WANG2025,WANG2025 Appendix B; ZHPU2025 Table A2 where applicable,As reported; no ratio transformation at catalogue stage,Earnings Before Interest and Taxes,Fiscal year t; lagged versions may be generated only by registered transformations,latent_risk_content,continuous,low,DATA_MAPPING_AUDIT_REQUIRED,,,,,,,,,,,,,,,,Published source code: ebit.
89,raw_ebitda,"Earnings Before Interest, Taxes, Depreciation and Amortization",EBITDA,Raw accounting universe,As-reported line items,R2_OPTIONAL_RAW_78_EXTENSION,COMPLETE_PUBLISHED_RAW_BLOCK,Optional high-dimensional as-reported robustness block,WANG2025,WANG2025 Appendix B; ZHPU2025 Table A2 where applicable,As reported; no ratio transformation at catalogue stage,"Earnings Before Interest, Taxes, Depreciation and Amortization",Fiscal year t; lagged versions may be generated only by registered transformations,latent_risk_content,continuous,low,DATA_MAPPING_AUDIT_REQUIRED,,,,,,,,,,,,,,,,Published source code: ebitda.
90,raw_fopo,Funds from Operations Other,Dòng tiền từ hoạt động khác,Raw accounting universe,As-reported line items,R2_OPTIONAL_RAW_78_EXTENSION,COMPLETE_PUBLISHED_RAW_BLOCK,Optional high-dimensional as-reported robustness block,WANG2025,WANG2025 Appendix B; ZHPU2025 Table A2 where applicable,As reported; no ratio transformation at catalogue stage,Funds from Operations Other,Fiscal year t; lagged versions may be generated only by registered transformations,latent_risk_content,continuous,low,DATA_MAPPING_AUDIT_REQUIRED,,,,,,,,,,,,,,,,Published source code: fopo.
91,raw_gp,Gross Profit (Loss),Lợi nhuận gộp,Raw accounting universe,As-reported line items,R2_OPTIONAL_RAW_78_EXTENSION,COMPLETE_PUBLISHED_RAW_BLOCK,Optional high-dimensional as-reported robustness block,WANG2025,WANG2025 Appendix B; ZHPU2025 Table A2 where applicable,As reported; no ratio transformation at catalogue stage,Gross Profit (Loss),Fiscal year t; lagged versions may be generated only by registered transformations,latent_risk_content,continuous,low,DATA_MAPPING_AUDIT_REQUIRED,,,,,,,,,,,,,,,,Published source code: gp.
92,raw_ib,Income Before Extraordinary Items,Lợi nhuận trước các khoản mục bất thường,Raw accounting universe,As-reported line items,R2_OPTIONAL_RAW_78_EXTENSION,COMPLETE_PUBLISHED_RAW_BLOCK,Optional high-dimensional as-reported robustness block,WANG2025,WANG2025 Appendix B; ZHPU2025 Table A2 where applicable,As reported; no ratio transformation at catalogue stage,Income Before Extraordinary Items,Fiscal year t; lagged versions may be generated only by registered transformations,latent_risk_content,continuous,low,DATA_MAPPING_AUDIT_REQUIRED,,,,,,,,,,,,,,,,Published source code: ib.
93,raw_ibadj,Income Before Extraordinary Items Adjusted for Common Stock Equivalents,Lợi nhuận trước khoản mục bất thường điều chỉnh theo cổ phiếu tương đương,Raw accounting universe,As-reported line items,R2_OPTIONAL_RAW_78_EXTENSION,COMPLETE_PUBLISHED_RAW_BLOCK,Optional high-dimensional as-reported robustness block,WANG2025,WANG2025 Appendix B; ZHPU2025 Table A2 where applicable,As reported; no ratio transformation at catalogue stage,Income Before Extraordinary Items Adjusted for Common Stock Equivalents,Fiscal year t; lagged versions may be generated only by registered transformations,latent_risk_content,continuous,low,DATA_MAPPING_AUDIT_REQUIRED,,,,,,,,,,,,,,,,Published source code: ibadj.
94,raw_ibc,Income Before Extraordinary Items—Cash Flow,Lợi nhuận trước khoản mục bất thường trên lưu chuyển tiền tệ,Raw accounting universe,As-reported line items,R2_OPTIONAL_RAW_78_EXTENSION,COMPLETE_PUBLISHED_RAW_BLOCK,Optional high-dimensional as-reported robustness block,WANG2025,WANG2025 Appendix B; ZHPU2025 Table A2 where applicable,As reported; no ratio transformation at catalogue stage,Income Before Extraordinary Items—Cash Flow,Fiscal year t; lagged versions may be generated only by registered transformations,latent_risk_content,continuous,low,DATA_MAPPING_AUDIT_REQUIRED,,,,,,,,,,,,,,,,Published source code: ibc.
95,raw_ibcom,Income Before Extraordinary Items Available for Common,Lợi nhuận trước khoản mục bất thường dành cho cổ đông phổ thông,Raw accounting universe,As-reported line items,R2_OPTIONAL_RAW_78_EXTENSION,COMPLETE_PUBLISHED_RAW_BLOCK,Optional high-dimensional as-reported robustness block,WANG2025,WANG2025 Appendix B; ZHPU2025 Table A2 where applicable,As reported; no ratio transformation at catalogue stage,Income Before Extraordinary Items Available for Common,Fiscal year t; lagged versions may be generated only by registered transformations,latent_risk_content,continuous,low,DATA_MAPPING_AUDIT_REQUIRED,,,,,,,,,,,,,,,,Published source code: ibcom.
96,raw_icapt,Invested Capital—Total,Tổng vốn đầu tư,Raw accounting universe,As-reported line items,R2_OPTIONAL_RAW_78_EXTENSION,COMPLETE_PUBLISHED_RAW_BLOCK,Optional high-dimensional as-reported robustness block,WANG2025,WANG2025 Appendix B; ZHPU2025 Table A2 where applicable,As reported; no ratio transformation at catalogue stage,Invested Capital—Total,Fiscal year t; lagged versions may be generated only by registered transformations,latent_risk_content,continuous,low,DATA_MAPPING_AUDIT_REQUIRED,,,,,,,,,,,,,,,,Published source code: icapt.
97,raw_invt,Inventories—Total,Tổng hàng tồn kho,Raw accounting universe,As-reported line items,C4_PRIMARY_RAW_28,COMPLETE_PUBLISHED_RAW_BLOCK,Primary raw-accounting universe candidate,WANG2025; ZHPU2025; BAO2020; YANG2026; ZAV2025,WANG2025 Appendix B; ZHPU2025 Table A2 where applicable,As reported; no ratio transformation at catalogue stage,Inventories—Total,Fiscal year t; lagged versions may be generated only by registered transformations,latent_risk_content,continuous,low,DATA_MAPPING_AUDIT_REQUIRED,,,,,,,,,,,,,,,,Published source code: invt.
98,raw_lco,Current Liabilities Other Total,Nợ ngắn hạn khác,Raw accounting universe,As-reported line items,R2_OPTIONAL_RAW_78_EXTENSION,COMPLETE_PUBLISHED_RAW_BLOCK,Optional high-dimensional as-reported robustness block,WANG2025,WANG2025 Appendix B; ZHPU2025 Table A2 where applicable,As reported; no ratio transformation at catalogue stage,Current Liabilities Other Total,Fiscal year t; lagged versions may be generated only by registered transformations,latent_risk_content,continuous,low,DATA_MAPPING_AUDIT_REQUIRED,,,,,,,,,,,,,,,,Published source code: lco.
99,raw_lct,Current Liabilities—Total,Tổng nợ ngắn hạn,Raw accounting universe,As-reported line items,C4_PRIMARY_RAW_28,COMPLETE_PUBLISHED_RAW_BLOCK,Primary raw-accounting universe candidate,WANG2025; ZHPU2025; BAO2020; YANG2026; ZAV2025,WANG2025 Appendix B; ZHPU2025 Table A2 where applicable,As reported; no ratio transformation at catalogue stage,Current Liabilities—Total,Fiscal year t; lagged versions may be generated only by registered transformations,latent_risk_content,continuous,low,DATA_MAPPING_AUDIT_REQUIRED,,,,,,,,,,,,,,,,Published source code: lct.
100,raw_lo,Liabilities—Other—Total,Nợ phải trả khác,Raw accounting universe,As-reported line items,R2_OPTIONAL_RAW_78_EXTENSION,COMPLETE_PUBLISHED_RAW_BLOCK,Optional high-dimensional as-reported robustness block,WANG2025,WANG2025 Appendix B; ZHPU2025 Table A2 where applicable,As reported; no ratio transformation at catalogue stage,Liabilities—Other—Total,Fiscal year t; lagged versions may be generated only by registered transformations,latent_risk_content,continuous,low,DATA_MAPPING_AUDIT_REQUIRED,,,,,,,,,,,,,,,,Published source code: lo.
101,raw_lse,Liabilities and Stockholders' Equity—Total,Tổng nguồn vốn,Raw accounting universe,As-reported line items,R2_OPTIONAL_RAW_78_EXTENSION,COMPLETE_PUBLISHED_RAW_BLOCK,Optional high-dimensional as-reported robustness block,WANG2025,WANG2025 Appendix B; ZHPU2025 Table A2 where applicable,As reported; no ratio transformation at catalogue stage,Liabilities and Stockholders' Equity—Total,Fiscal year t; lagged versions may be generated only by registered transformations,latent_risk_content,continuous,low,DATA_MAPPING_AUDIT_REQUIRED,,,,,,,,,,,,,,,,Published source code: lse.
102,raw_lt,Liabilities—Total,Tổng nợ phải trả,Raw accounting universe,As-reported line items,C4_PRIMARY_RAW_28,COMPLETE_PUBLISHED_RAW_BLOCK,Primary raw-accounting universe candidate,WANG2025; ZHPU2025; BAO2020; YANG2026; ZAV2025,WANG2025 Appendix B; ZHPU2025 Table A2 where applicable,As reported; no ratio transformation at catalogue stage,Liabilities—Total,Fiscal year t; lagged versions may be generated only by registered transformations,latent_risk_content,continuous,low,DATA_MAPPING_AUDIT_REQUIRED,,,,,,,,,,,,,,,,Published source code: lt.
103,raw_ni,Net Income (Loss),Lợi nhuận ròng,Raw accounting universe,As-reported line items,C4_PRIMARY_RAW_28,COMPLETE_PUBLISHED_RAW_BLOCK,Primary raw-accounting universe candidate,WANG2025; ZHPU2025; BAO2020; YANG2026; ZAV2025,WANG2025 Appendix B; ZHPU2025 Table A2 where applicable,As reported; no ratio transformation at catalogue stage,Net Income (Loss),Fiscal year t; lagged versions may be generated only by registered transformations,latent_risk_content,continuous,low,DATA_MAPPING_AUDIT_REQUIRED,,,,,,,,,,,,,,,,Published source code: ni.
104,raw_niadj,Net Income Adjusted for Common Stock Equivalents,Lợi nhuận ròng điều chỉnh theo cổ phiếu tương đương,Raw accounting universe,As-reported line items,R2_OPTIONAL_RAW_78_EXTENSION,COMPLETE_PUBLISHED_RAW_BLOCK,Optional high-dimensional as-reported robustness block,WANG2025,WANG2025 Appendix B; ZHPU2025 Table A2 where applicable,As reported; no ratio transformation at catalogue stage,Net Income Adjusted for Common Stock Equivalents,Fiscal year t; lagged versions may be generated only by registered transformations,latent_risk_content,continuous,low,DATA_MAPPING_AUDIT_REQUIRED,,,,,,,,,,,,,,,,Published source code: niadj.
105,raw_nopi,Nonoperating Income (Expense),Thu nhập hoặc chi phí ngoài hoạt động,Raw accounting universe,As-reported line items,R2_OPTIONAL_RAW_78_EXTENSION,COMPLETE_PUBLISHED_RAW_BLOCK,Optional high-dimensional as-reported robustness block,WANG2025,WANG2025 Appendix B; ZHPU2025 Table A2 where applicable,As reported; no ratio transformation at catalogue stage,Nonoperating Income (Expense),Fiscal year t; lagged versions may be generated only by registered transformations,latent_risk_content,continuous,low,DATA_MAPPING_AUDIT_REQUIRED,,,,,,,,,,,,,,,,Published source code: nopi.
106,raw_nopio,Nonoperating Income (Expense) Other,Thu nhập hoặc chi phí ngoài hoạt động khác,Raw accounting universe,As-reported line items,R2_OPTIONAL_RAW_78_EXTENSION,COMPLETE_PUBLISHED_RAW_BLOCK,Optional high-dimensional as-reported robustness block,WANG2025,WANG2025 Appendix B; ZHPU2025 Table A2 where applicable,As reported; no ratio transformation at catalogue stage,Nonoperating Income (Expense) Other,Fiscal year t; lagged versions may be generated only by registered transformations,latent_risk_content,continuous,low,DATA_MAPPING_AUDIT_REQUIRED,,,,,,,,,,,,,,,,Published source code: nopio.
107,raw_np,Notes Payable—Short-Term Borrowings,Vay ngắn hạn,Raw accounting universe,As-reported line items,R2_OPTIONAL_RAW_78_EXTENSION,COMPLETE_PUBLISHED_RAW_BLOCK,Optional high-dimensional as-reported robustness block,WANG2025,WANG2025 Appendix B; ZHPU2025 Table A2 where applicable,As reported; no ratio transformation at catalogue stage,Notes Payable—Short-Term Borrowings,Fiscal year t; lagged versions may be generated only by registered transformations,latent_risk_content,continuous,low,DATA_MAPPING_AUDIT_REQUIRED,,,,,,,,,,,,,,,,Published source code: np.
108,raw_oiadp,Operating Income After Depreciation,Lợi nhuận hoạt động sau khấu hao,Raw accounting universe,As-reported line items,R2_OPTIONAL_RAW_78_EXTENSION,COMPLETE_PUBLISHED_RAW_BLOCK,Optional high-dimensional as-reported robustness block,WANG2025,WANG2025 Appendix B; ZHPU2025 Table A2 where applicable,As reported; no ratio transformation at catalogue stage,Operating Income After Depreciation,Fiscal year t; lagged versions may be generated only by registered transformations,latent_risk_content,continuous,low,DATA_MAPPING_AUDIT_REQUIRED,,,,,,,,,,,,,,,,Published source code: oiadp.
109,raw_oibdp,Operating Income Before Depreciation,Lợi nhuận hoạt động trước khấu hao,Raw accounting universe,As-reported line items,R2_OPTIONAL_RAW_78_EXTENSION,COMPLETE_PUBLISHED_RAW_BLOCK,Optional high-dimensional as-reported robustness block,WANG2025,WANG2025 Appendix B; ZHPU2025 Table A2 where applicable,As reported; no ratio transformation at catalogue stage,Operating Income Before Depreciation,Fiscal year t; lagged versions may be generated only by registered transformations,latent_risk_content,continuous,low,DATA_MAPPING_AUDIT_REQUIRED,,,,,,,,,,,,,,,,Published source code: oibdp.
110,raw_pi,Pretax Income,Lợi nhuận trước thuế,Raw accounting universe,As-reported line items,R2_OPTIONAL_RAW_78_EXTENSION,COMPLETE_PUBLISHED_RAW_BLOCK,Optional high-dimensional as-reported robustness block,WANG2025,WANG2025 Appendix B; ZHPU2025 Table A2 where applicable,As reported; no ratio transformation at catalogue stage,Pretax Income,Fiscal year t; lagged versions may be generated only by registered transformations,latent_risk_content,continuous,low,DATA_MAPPING_AUDIT_REQUIRED,,,,,,,,,,,,,,,,Published source code: pi.
111,raw_ppegt,"Property, Plant and Equipment—Total Gross",Nguyên giá tài sản cố định hữu hình,Raw accounting universe,As-reported line items,C4_PRIMARY_RAW_28,COMPLETE_PUBLISHED_RAW_BLOCK,Primary raw-accounting universe candidate,WANG2025; ZHPU2025; BAO2020; YANG2026; ZAV2025,WANG2025 Appendix B; ZHPU2025 Table A2 where applicable,As reported; no ratio transformation at catalogue stage,"Property, Plant and Equipment—Total Gross",Fiscal year t; lagged versions may be generated only by registered transformations,latent_risk_content,continuous,low,DATA_MAPPING_AUDIT_REQUIRED,,,,,,,,,,,,,,,,Published source code: ppegt.
112,raw_ppent,"Property, Plant and Equipment—Total Net",Giá trị còn lại của tài sản cố định hữu hình,Raw accounting universe,As-reported line items,C4_PRIMARY_RAW_28,COMPLETE_PUBLISHED_RAW_BLOCK,Primary raw-accounting universe candidate,WANG2025; ZHPU2025; BAO2020; YANG2026; ZAV2025,WANG2025 Appendix B; ZHPU2025 Table A2 where applicable,As reported; no ratio transformation at catalogue stage,"Property, Plant and Equipment—Total Net",Fiscal year t; lagged versions may be generated only by registered transformations,latent_risk_content,continuous,low,DATA_MAPPING_AUDIT_REQUIRED,,,,,,,,,,,,,,,,Published source code: ppent.
113,raw_pstk,Preferred Stock—Total,Tổng cổ phiếu ưu đãi,Raw accounting universe,As-reported line items,R2_OPTIONAL_RAW_78_EXTENSION,COMPLETE_PUBLISHED_RAW_BLOCK,Optional high-dimensional as-reported robustness block,WANG2025,WANG2025 Appendix B; ZHPU2025 Table A2 where applicable,As reported; no ratio transformation at catalogue stage,Preferred Stock—Total,Fiscal year t; lagged versions may be generated only by registered transformations,latent_risk_content,continuous,low,DATA_MAPPING_AUDIT_REQUIRED,,,,,,,,,,,,,,,,Published source code: pstk.
114,raw_pstkc,Preferred Stock Convertible,Cổ phiếu ưu đãi chuyển đổi,Raw accounting universe,As-reported line items,R2_OPTIONAL_RAW_78_EXTENSION,COMPLETE_PUBLISHED_RAW_BLOCK,Optional high-dimensional as-reported robustness block,WANG2025,WANG2025 Appendix B; ZHPU2025 Table A2 where applicable,As reported; no ratio transformation at catalogue stage,Preferred Stock Convertible,Fiscal year t; lagged versions may be generated only by registered transformations,latent_risk_content,continuous,low,DATA_MAPPING_AUDIT_REQUIRED,,,,,,,,,,,,,,,,Published source code: pstkc.
115,raw_pstkl,Preferred Stock Liquidating Value,Giá trị thanh lý cổ phiếu ưu đãi,Raw accounting universe,As-reported line items,R2_OPTIONAL_RAW_78_EXTENSION,COMPLETE_PUBLISHED_RAW_BLOCK,Optional high-dimensional as-reported robustness block,WANG2025,WANG2025 Appendix B; ZHPU2025 Table A2 where applicable,As reported; no ratio transformation at catalogue stage,Preferred Stock Liquidating Value,Fiscal year t; lagged versions may be generated only by registered transformations,latent_risk_content,continuous,low,DATA_MAPPING_AUDIT_REQUIRED,,,,,,,,,,,,,,,,Published source code: pstkl.
116,raw_pstkn,Preferred Stock Nonredeemable,Cổ phiếu ưu đãi không hoàn lại,Raw accounting universe,As-reported line items,R2_OPTIONAL_RAW_78_EXTENSION,COMPLETE_PUBLISHED_RAW_BLOCK,Optional high-dimensional as-reported robustness block,WANG2025,WANG2025 Appendix B; ZHPU2025 Table A2 where applicable,As reported; no ratio transformation at catalogue stage,Preferred Stock Nonredeemable,Fiscal year t; lagged versions may be generated only by registered transformations,latent_risk_content,continuous,low,DATA_MAPPING_AUDIT_REQUIRED,,,,,,,,,,,,,,,,Published source code: pstkn.
117,raw_pstkr,Preferred Stock Redeemable,Cổ phiếu ưu đãi có thể hoàn lại,Raw accounting universe,As-reported line items,R2_OPTIONAL_RAW_78_EXTENSION,COMPLETE_PUBLISHED_RAW_BLOCK,Optional high-dimensional as-reported robustness block,WANG2025,WANG2025 Appendix B; ZHPU2025 Table A2 where applicable,As reported; no ratio transformation at catalogue stage,Preferred Stock Redeemable,Fiscal year t; lagged versions may be generated only by registered transformations,latent_risk_content,continuous,low,DATA_MAPPING_AUDIT_REQUIRED,,,,,,,,,,,,,,,,Published source code: pstkr.
118,raw_pstkrv,Preferred Stock Redemption Value,Giá trị hoàn lại cổ phiếu ưu đãi,Raw accounting universe,As-reported line items,R2_OPTIONAL_RAW_78_EXTENSION,COMPLETE_PUBLISHED_RAW_BLOCK,Optional high-dimensional as-reported robustness block,WANG2025,WANG2025 Appendix B; ZHPU2025 Table A2 where applicable,As reported; no ratio transformation at catalogue stage,Preferred Stock Redemption Value,Fiscal year t; lagged versions may be generated only by registered transformations,latent_risk_content,continuous,low,DATA_MAPPING_AUDIT_REQUIRED,,,,,,,,,,,,,,,,Published source code: pstkrv.
119,raw_re,Retained Earnings,Lợi nhuận sau thuế chưa phân phối,Raw accounting universe,As-reported line items,C4_PRIMARY_RAW_28,COMPLETE_PUBLISHED_RAW_BLOCK,Primary raw-accounting universe candidate,WANG2025; ZHPU2025; BAO2020; YANG2026; ZAV2025,WANG2025 Appendix B; ZHPU2025 Table A2 where applicable,As reported; no ratio transformation at catalogue stage,Retained Earnings,Fiscal year t; lagged versions may be generated only by registered transformations,latent_risk_content,continuous,low,DATA_MAPPING_AUDIT_REQUIRED,,,,,,,,,,,,,,,,Published source code: re.
120,raw_rect,Receivables—Total,Tổng các khoản phải thu,Raw accounting universe,As-reported line items,C4_PRIMARY_RAW_28,COMPLETE_PUBLISHED_RAW_BLOCK,Primary raw-accounting universe candidate,WANG2025; ZHPU2025; BAO2020; YANG2026; ZAV2025,WANG2025 Appendix B; ZHPU2025 Table A2 where applicable,As reported; no ratio transformation at catalogue stage,Receivables—Total,Fiscal year t; lagged versions may be generated only by registered transformations,latent_risk_content,continuous,low,DATA_MAPPING_AUDIT_REQUIRED,,,,,,,,,,,,,,,,Published source code: rect.
121,raw_revt,Revenue—Total,Tổng doanh thu,Raw accounting universe,As-reported line items,C4_PRIMARY_RAW_28,COMPLETE_PUBLISHED_RAW_BLOCK,Primary raw-accounting universe candidate,WANG2025; ZHPU2025; BAO2020; YANG2026; ZAV2025,WANG2025 Appendix B; ZHPU2025 Table A2 where applicable,As reported; no ratio transformation at catalogue stage,Revenue—Total,Fiscal year t; lagged versions may be generated only by registered transformations,latent_risk_content,continuous,low,DATA_MAPPING_AUDIT_REQUIRED,,,,,,,,,,,,,,,,Published source code: revt.
122,raw_sale,Sales/Turnover—Net,Doanh thu thuần,Raw accounting universe,As-reported line items,C4_PRIMARY_RAW_28,COMPLETE_PUBLISHED_RAW_BLOCK,Primary raw-accounting universe candidate,WANG2025; ZHPU2025; BAO2020; YANG2026; ZAV2025,WANG2025 Appendix B; ZHPU2025 Table A2 where applicable,As reported; no ratio transformation at catalogue stage,Sales/Turnover—Net,Fiscal year t; lagged versions may be generated only by registered transformations,latent_risk_content,continuous,low,DATA_MAPPING_AUDIT_REQUIRED,,,,,,,,,,,,,,,,Published source code: sale.
123,raw_seq,Stockholders' Equity—Total,Tổng vốn chủ sở hữu,Raw accounting universe,As-reported line items,C4_PRIMARY_RAW_28,COMPLETE_PUBLISHED_RAW_BLOCK,Primary raw-accounting universe candidate,WANG2025; ZHPU2025; BAO2020; YANG2026; ZAV2025,WANG2025 Appendix B; ZHPU2025 Table A2 where applicable,As reported; no ratio transformation at catalogue stage,Stockholders' Equity—Total,Fiscal year t; lagged versions may be generated only by registered transformations,latent_risk_content,continuous,low,DATA_MAPPING_AUDIT_REQUIRED,,,,,,,,,,,,,,,,Published source code: seq.
124,raw_sstk,Sale of Common and Preferred Stock,Phát hành cổ phiếu phổ thông và ưu đãi,Raw accounting universe,As-reported line items,R2_OPTIONAL_RAW_78_EXTENSION,COMPLETE_PUBLISHED_RAW_BLOCK,Optional high-dimensional as-reported robustness block,WANG2025,WANG2025 Appendix B; ZHPU2025 Table A2 where applicable,As reported; no ratio transformation at catalogue stage,Sale of Common and Preferred Stock,Fiscal year t; lagged versions may be generated only by registered transformations,latent_risk_content,continuous,low,DATA_MAPPING_AUDIT_REQUIRED,,,,,,,,,,,,,,,,Published source code: sstk.
125,raw_tstk,Treasury Stock—Total,Tổng cổ phiếu quỹ,Raw accounting universe,As-reported line items,R2_OPTIONAL_RAW_78_EXTENSION,COMPLETE_PUBLISHED_RAW_BLOCK,Optional high-dimensional as-reported robustness block,WANG2025,WANG2025 Appendix B; ZHPU2025 Table A2 where applicable,As reported; no ratio transformation at catalogue stage,Treasury Stock—Total,Fiscal year t; lagged versions may be generated only by registered transformations,latent_risk_content,continuous,low,DATA_MAPPING_AUDIT_REQUIRED,,,,,,,,,,,,,,,,Published source code: tstk.
126,raw_tstkn,Treasury Stock—Number of Common Shares,Số lượng cổ phiếu quỹ,Raw accounting universe,As-reported line items,R2_OPTIONAL_RAW_78_EXTENSION,COMPLETE_PUBLISHED_RAW_BLOCK,Optional high-dimensional as-reported robustness block,WANG2025,WANG2025 Appendix B; ZHPU2025 Table A2 where applicable,As reported; no ratio transformation at catalogue stage,Treasury Stock—Number of Common Shares,Fiscal year t; lagged versions may be generated only by registered transformations,latent_risk_content,continuous,low,DATA_MAPPING_AUDIT_REQUIRED,,,,,,,,,,,,,,,,Published source code: tstkn.
127,raw_txdb,Deferred Taxes—Balance Sheet,Thuế hoãn lại trên bảng cân đối kế toán,Raw accounting universe,As-reported line items,R2_OPTIONAL_RAW_78_EXTENSION,COMPLETE_PUBLISHED_RAW_BLOCK,Optional high-dimensional as-reported robustness block,WANG2025,WANG2025 Appendix B; ZHPU2025 Table A2 where applicable,As reported; no ratio transformation at catalogue stage,Deferred Taxes—Balance Sheet,Fiscal year t; lagged versions may be generated only by registered transformations,latent_risk_content,continuous,low,DATA_MAPPING_AUDIT_REQUIRED,,,,,,,,,,,,,,,,Published source code: txdb.
128,raw_txditc,Deferred Taxes and Investment Tax Credit,Thuế hoãn lại và tín dụng thuế đầu tư,Raw accounting universe,As-reported line items,R2_OPTIONAL_RAW_78_EXTENSION,COMPLETE_PUBLISHED_RAW_BLOCK,Optional high-dimensional as-reported robustness block,WANG2025,WANG2025 Appendix B; ZHPU2025 Table A2 where applicable,As reported; no ratio transformation at catalogue stage,Deferred Taxes and Investment Tax Credit,Fiscal year t; lagged versions may be generated only by registered transformations,latent_risk_content,continuous,low,DATA_MAPPING_AUDIT_REQUIRED,,,,,,,,,,,,,,,,Published source code: txditc.
129,raw_txp,Income Taxes Payable,Thuế thu nhập phải nộp,Raw accounting universe,As-reported line items,C4_PRIMARY_RAW_28,COMPLETE_PUBLISHED_RAW_BLOCK,Primary raw-accounting universe candidate,WANG2025; ZHPU2025; BAO2020; YANG2026; ZAV2025,WANG2025 Appendix B; ZHPU2025 Table A2 where applicable,As reported; no ratio transformation at catalogue stage,Income Taxes Payable,Fiscal year t; lagged versions may be generated only by registered transformations,latent_risk_content,continuous,low,DATA_MAPPING_AUDIT_REQUIRED,,,,,,,,,,,,,,,,Published source code: txp.
130,raw_txt,Income Taxes—Total,Tổng chi phí thuế thu nhập,Raw accounting universe,As-reported line items,R2_OPTIONAL_RAW_78_EXTENSION,COMPLETE_PUBLISHED_RAW_BLOCK,Optional high-dimensional as-reported robustness block,WANG2025,WANG2025 Appendix B; ZHPU2025 Table A2 where applicable,As reported; no ratio transformation at catalogue stage,Income Taxes—Total,Fiscal year t; lagged versions may be generated only by registered transformations,latent_risk_content,continuous,low,DATA_MAPPING_AUDIT_REQUIRED,,,,,,,,,,,,,,,,Published source code: txt.
131,raw_wcap,Working Capital—Balance Sheet,Vốn lưu động,Raw accounting universe,As-reported line items,R2_OPTIONAL_RAW_78_EXTENSION,COMPLETE_PUBLISHED_RAW_BLOCK,Optional high-dimensional as-reported robustness block,WANG2025,WANG2025 Appendix B; ZHPU2025 Table A2 where applicable,As reported; no ratio transformation at catalogue stage,Working Capital—Balance Sheet,Fiscal year t; lagged versions may be generated only by registered transformations,latent_risk_content,continuous,low,DATA_MAPPING_AUDIT_REQUIRED,,,,,,,,,,,,,,,,Published source code: wcap.
132,raw_xi,Extraordinary Items,Các khoản mục bất thường,Raw accounting universe,As-reported line items,R2_OPTIONAL_RAW_78_EXTENSION,COMPLETE_PUBLISHED_RAW_BLOCK,Optional high-dimensional as-reported robustness block,WANG2025,WANG2025 Appendix B; ZHPU2025 Table A2 where applicable,As reported; no ratio transformation at catalogue stage,Extraordinary Items,Fiscal year t; lagged versions may be generated only by registered transformations,latent_risk_content,continuous,low,DATA_MAPPING_AUDIT_REQUIRED,,,,,,,,,,,,,,,,Published source code: xi.
133,raw_xido,Extraordinary Items and Discontinued Operations,Khoản mục bất thường và hoạt động không tiếp tục,Raw accounting universe,As-reported line items,R2_OPTIONAL_RAW_78_EXTENSION,COMPLETE_PUBLISHED_RAW_BLOCK,Optional high-dimensional as-reported robustness block,WANG2025,WANG2025 Appendix B; ZHPU2025 Table A2 where applicable,As reported; no ratio transformation at catalogue stage,Extraordinary Items and Discontinued Operations,Fiscal year t; lagged versions may be generated only by registered transformations,latent_risk_content,continuous,low,DATA_MAPPING_AUDIT_REQUIRED,,,,,,,,,,,,,,,,Published source code: xido.
134,raw_xopr,Operating Expenses—Total,Tổng chi phí hoạt động,Raw accounting universe,As-reported line items,R2_OPTIONAL_RAW_78_EXTENSION,COMPLETE_PUBLISHED_RAW_BLOCK,Optional high-dimensional as-reported robustness block,WANG2025,WANG2025 Appendix B; ZHPU2025 Table A2 where applicable,As reported; no ratio transformation at catalogue stage,Operating Expenses—Total,Fiscal year t; lagged versions may be generated only by registered transformations,latent_risk_content,continuous,low,DATA_MAPPING_AUDIT_REQUIRED,,,,,,,,,,,,,,,,Published source code: xopr.
135,raw_investments_advances_other,Investments and Advances—Other,Đầu tư và ứng trước khác,Raw accounting universe,Zhang 2025 PU 28-item block,C4_PRIMARY_RAW_28,COMPLETE_PUBLISHED_RAW_BLOCK,Primary raw-accounting/market input candidate,ZHPU2025; BAO2020; YANG2026; ZAV2025,ZHPU2025 Table A2,As reported,Investments and Advances—Other,Fiscal year t or pre-release market window,latent_risk_content,continuous,low,DATA_MAPPING_AUDIT_REQUIRED,,,,,,,,,,,,,,,,
136,raw_construction_in_progress,Construction in Progress,Chi phí xây dựng cơ bản dở dang,Raw accounting universe,Zhang 2025 PU 28-item block,C4_PRIMARY_RAW_28,COMPLETE_PUBLISHED_RAW_BLOCK,Primary raw-accounting/market input candidate,ZHPU2025; BAO2020; YANG2026; ZAV2025,ZHPU2025 Table A2,As reported,Construction in Progress,Fiscal year t or pre-release market window,latent_risk_content,continuous,low,DATA_MAPPING_AUDIT_REQUIRED,,,,,,,,,,,,,,,,
137,raw_intangible_assets,Intangible Assets,Tài sản vô hình,Raw accounting universe,Zhang 2025 PU 28-item block,C4_PRIMARY_RAW_28,COMPLETE_PUBLISHED_RAW_BLOCK,Primary raw-accounting/market input candidate,ZHPU2025; BAO2020; YANG2026; ZAV2025,ZHPU2025 Table A2,As reported,Intangible Assets,Fiscal year t or pre-release market window,latent_risk_content,continuous,low,DATA_MAPPING_AUDIT_REQUIRED,,,,,,,,,,,,,,,,
138,raw_surplus_reserve,Surplus Reserve,Quỹ thặng dư hoặc quỹ dự trữ,Raw accounting universe,Zhang 2025 PU 28-item block,C4_PRIMARY_RAW_28,COMPLETE_PUBLISHED_RAW_BLOCK,Primary raw-accounting/market input candidate,ZHPU2025; BAO2020; YANG2026; ZAV2025,ZHPU2025 Table A2,As reported,Surplus Reserve,Fiscal year t or pre-release market window,latent_risk_content,continuous,low,DATA_MAPPING_AUDIT_REQUIRED,,,,,,,,,,,,,,,,
139,raw_stock_dividend_payable,Stock Dividend Payable,Cổ tức bằng cổ phiếu phải trả,Raw accounting universe,Zhang 2025 PU 28-item block,C4_PRIMARY_RAW_28,COMPLETE_PUBLISHED_RAW_BLOCK,Primary raw-accounting/market input candidate,ZHPU2025; BAO2020; YANG2026; ZAV2025,ZHPU2025 Table A2,As reported,Stock Dividend Payable,Fiscal year t or pre-release market window,latent_risk_content,continuous,low,DATA_MAPPING_AUDIT_REQUIRED,,,,,,,,,,,,,,,,
140,raw_selling_expenses,Selling Expenses,Chi phí bán hàng,Raw accounting universe,Zhang 2025 PU 28-item block,C4_PRIMARY_RAW_28,COMPLETE_PUBLISHED_RAW_BLOCK,Primary raw-accounting/market input candidate,ZHPU2025; BAO2020; YANG2026; ZAV2025,ZHPU2025 Table A2,As reported,Selling Expenses,Fiscal year t or pre-release market window,latent_risk_content,continuous,low,DATA_MAPPING_AUDIT_REQUIRED,,,,,,,,,,,,,,,,
141,raw_finance_expenses,Finance Expenses,Chi phí tài chính,Raw accounting universe,Zhang 2025 PU 28-item block,C4_PRIMARY_RAW_28,COMPLETE_PUBLISHED_RAW_BLOCK,Primary raw-accounting/market input candidate,ZHPU2025; BAO2020; YANG2026; ZAV2025,ZHPU2025 Table A2,As reported,Finance Expenses,Fiscal year t or pre-release market window,latent_risk_content,continuous,low,DATA_MAPPING_AUDIT_REQUIRED,,,,,,,,,,,,,,,,
142,raw_amortisation_expense,Amortisation Expense,Chi phí phân bổ,Raw accounting universe,Zhang 2025 PU 28-item block,C4_PRIMARY_RAW_28,COMPLETE_PUBLISHED_RAW_BLOCK,Primary raw-accounting/market input candidate,ZHPU2025; BAO2020; YANG2026; ZAV2025,ZHPU2025 Table A2,As reported,Amortisation Expense,Fiscal year t or pre-release market window,latent_risk_content,continuous,low,DATA_MAPPING_AUDIT_REQUIRED,,,,,,,,,,,,,,,,
143,raw_operating_net_cash_flow,Net Cash Flow from Operating Activities,Lưu chuyển tiền thuần từ hoạt động kinh doanh,Raw accounting universe,Zhang 2025 PU 28-item block,C4_PRIMARY_RAW_28,COMPLETE_PUBLISHED_RAW_BLOCK,Primary raw-accounting/market input candidate,ZHPU2025; BAO2020; YANG2026; ZAV2025,ZHPU2025 Table A2,As reported,Net Cash Flow from Operating Activities,Fiscal year t or pre-release market window,latent_risk_content,continuous,low,DATA_MAPPING_AUDIT_REQUIRED,,,,,,,,,,,,,,,,
144,raw_fiscal_close_price,Fiscal-year Closing Share Price,Giá cổ phiếu đóng cửa cuối năm tài chính,Raw accounting universe,Zhang 2025 PU 28-item block,C4_PRIMARY_RAW_28,COMPLETE_PUBLISHED_RAW_BLOCK,Primary raw-accounting/market input candidate,ZHPU2025; BAO2020; YANG2026; ZAV2025,ZHPU2025 Table A2,As reported,Fiscal-year Closing Share Price,Fiscal year t or pre-release market window,ambiguous_content_and_domain,continuous,low,DATA_MAPPING_AUDIT_REQUIRED,,,,,,,,,,,,,,,,
145,raw_market_value,Market Value of Equity,Giá trị thị trường của vốn chủ sở hữu,Raw accounting universe,Zhang 2025 PU 28-item block,C4_PRIMARY_RAW_28,COMPLETE_PUBLISHED_RAW_BLOCK,Primary raw-accounting/market input candidate,ZHPU2025; BAO2020; YANG2026; ZAV2025,ZHPU2025 Table A2,As reported,Market Value of Equity,Fiscal year t or pre-release market window,ambiguous_content_and_domain,continuous,low,DATA_MAPPING_AUDIT_REQUIRED,,,,,,,,,,,,,,,,
146,pu_industry_code,Industry Classification,Phân loại ngành,PU label mechanism,Metadata and observability,C5_PU_LABEL_MECHANISM,COMPLETE_PUBLISHED_METADATA_OR_PROTOCOL_FEATURE,Estimate/audit labeling propensity separately from accounting content,ZAV2025; ZHPU2025; YANG2026; DEC2011,Recent PU papers and measurement protocol,Industry code/group known before prediction,Industry code/group known before prediction,Must be known at the annual anchor,label_mechanism_and_domain,categorical,medium,PU_MECHANISM_AUDIT_REQUIRED,,,,,,,,,,,,,,,,
147,pu_registered_region,State/Region of Incorporation,Tỉnh hoặc vùng đăng ký doanh nghiệp,PU label mechanism,Metadata and observability,C5_PU_LABEL_MECHANISM,COMPLETE_PUBLISHED_METADATA_OR_PROTOCOL_FEATURE,Estimate/audit labeling propensity separately from accounting content,ZAV2025,Recent PU papers and measurement protocol,Registered location,Registered location,Must be known at the annual anchor,label_mechanism_and_domain,categorical,medium,PU_MECHANISM_AUDIT_REQUIRED,,,,,,,,,,,,,,,,
148,pu_operating_region,State/Region of Operation,Tỉnh hoặc vùng hoạt động chính,PU label mechanism,Metadata and observability,C5_PU_LABEL_MECHANISM,COMPLETE_PUBLISHED_METADATA_OR_PROTOCOL_FEATURE,Estimate/audit labeling propensity separately from accounting content,ZAV2025,Recent PU papers and measurement protocol,Operating/headquarters location,Operating/headquarters location,Must be known at the annual anchor,label_mechanism_and_domain,categorical,medium,PU_MECHANISM_AUDIT_REQUIRED,,,,,,,,,,,,,,,,
149,pu_listing_board,Listing Board,Sàn giao dịch,PU label mechanism,Metadata and observability,C5_PU_LABEL_MECHANISM,COMPLETE_PUBLISHED_METADATA_OR_PROTOCOL_FEATURE,Estimate/audit labeling propensity separately from accounting content,BUI2021; recent PU design,Recent PU papers and measurement protocol,"HOSE, HNX, UPCoM or equivalent","HOSE, HNX, UPCoM or equivalent",Must be known at the annual anchor,label_mechanism_and_observability,categorical,medium,PU_MECHANISM_AUDIT_REQUIRED,,,,,,,,,,,,,,,,
150,pu_calendar_year,Calendar/Fiscal Year,Năm tài chính,PU label mechanism,Metadata and observability,C5_PU_LABEL_MECHANISM,COMPLETE_PUBLISHED_METADATA_OR_PROTOCOL_FEATURE,Estimate/audit labeling propensity separately from accounting content,ZHPU2025; YANG2026,Recent PU papers and measurement protocol,Year indicator or smooth time control,Year indicator or smooth time control,Must be known at the annual anchor,domain_and_label_mechanism,categorical,medium,PU_MECHANISM_AUDIT_REQUIRED,,,,,,,,,,,,,,,,
151,pu_regulatory_regime,Regulatory Regime,Chế độ quản lý hoặc giai đoạn thể chế,PU label mechanism,Metadata and observability,C5_PU_LABEL_MECHANISM,COMPLETE_PUBLISHED_METADATA_OR_PROTOCOL_FEATURE,Estimate/audit labeling propensity separately from accounting content,ZHPU2025; YANG2026,Recent PU papers and measurement protocol,Researcher-approved regime classification based on legal/institutional dates,Researcher-approved regime classification based on legal/institutional dates,Must be known at the annual anchor,domain_and_label_mechanism,categorical,medium,PU_MECHANISM_AUDIT_REQUIRED,,,,,,,,,,,,,,,,
152,pu_firm_size,Firm Size for Label Mechanism,Quy mô doanh nghiệp trong cơ chế gắn nhãn,PU label mechanism,Metadata and observability,C5_PU_LABEL_MECHANISM,COMPLETE_PUBLISHED_METADATA_OR_PROTOCOL_FEATURE,Estimate/audit labeling propensity separately from accounting content,DEC2011; ZAV2025; TRA2015; BUI2021,Recent PU papers and measurement protocol,Log audited total assets or prespecified size measure,Log audited total assets or prespecified size measure,Must be known at the annual anchor,ambiguous_content_and_label_mechanism,continuous_or_binary,medium,PU_MECHANISM_AUDIT_REQUIRED,,,,,,,,,,,,,,,,
153,pu_filing_availability,Filing Availability,Trạng thái có hồ sơ công bố,PU label mechanism,Metadata and observability,C5_PU_LABEL_MECHANISM,COMPLETE_PUBLISHED_METADATA_OR_PROTOCOL_FEATURE,Estimate/audit labeling propensity separately from accounting content,PU design; PARK2025,Recent PU papers and measurement protocol,Indicator that required filing is observable by anchor,Indicator that required filing is observable by anchor,Must be known at the annual anchor,observability,continuous_or_binary,medium,PU_MECHANISM_AUDIT_REQUIRED,,,,,,,,,,,,,,,,
154,pu_source_coverage_count,Evidence-source Coverage Count,Số nguồn bằng chứng khả dụng,PU label mechanism,Metadata and observability,C5_PU_LABEL_MECHANISM,COMPLETE_PUBLISHED_METADATA_OR_PROTOCOL_FEATURE,Estimate/audit labeling propensity separately from accounting content,PU/measurement design,Recent PU papers and measurement protocol,Count of authorized evidence channels available at anchor,Count of authorized evidence channels available at anchor,Must be known at the annual anchor,observability,continuous_or_binary,medium,PU_MECHANISM_AUDIT_REQUIRED,,,,,,,,,,,,,,,,
155,pu_prior_known_positive,Prior Known Misstatement/Enforcement Indicator,Tiền sử sai phạm hoặc xử phạt đã được biết,PU label mechanism,Metadata and observability,C5_PU_LABEL_MECHANISM,COMPLETE_PUBLISHED_METADATA_OR_PROTOCOL_FEATURE,Estimate/audit labeling propensity separately from accounting content,ZAV2025; TRA2015,Recent PU papers and measurement protocol,Only events known before the prediction anchor,Only events known before the prediction anchor,Must be known at the annual anchor,source_specific_label_mechanism,continuous_or_binary,medium,PU_MECHANISM_AUDIT_REQUIRED,,,,,,,,,,,,,,,,
156,pu_years_since_prior_positive,Years Since Prior Known Positive,Số năm kể từ sai phạm đã biết gần nhất,PU label mechanism,Metadata and observability,C5_PU_LABEL_MECHANISM,COMPLETE_PUBLISHED_METADATA_OR_PROTOCOL_FEATURE,Estimate/audit labeling propensity separately from accounting content,ZAV2025-informed safeguard,Recent PU papers and measurement protocol,Elapsed years from a prior known event to anchor,Elapsed years from a prior known event to anchor,Must be known at the annual anchor,source_specific_label_mechanism,categorical,medium,PU_MECHANISM_AUDIT_REQUIRED,,,,,,,,,,,,,,,,
157,yang_short_interest,Short Interest,Tỷ lệ bán khống,Recent extensions,Yang 2026 market/audit block,R1_RECENT_EXTENSION,COMPLETE_PUBLISHED_EXTENSION_BLOCK,Block-level robustness and label-mechanism sensitivity,YANG2026,YANG2026 predictor description; Online Appendix B,Past 12-month average before financial statement release,market data,Pre-release 12-month market window or t-1 audit data,ambiguous_content_and_label_mechanism,continuous,medium,ROBUSTNESS_BLOCK_AFTER_DATA_AUDIT,,,,,,,,,,,,,,,,
158,yang_stock_return,Stock Return,Tỷ suất sinh lợi cổ phiếu,Recent extensions,Yang 2026 market/audit block,R1_RECENT_EXTENSION,COMPLETE_PUBLISHED_EXTENSION_BLOCK,Block-level robustness and label-mechanism sensitivity,YANG2026,YANG2026 predictor description; Online Appendix B,Return measured over the 12 months before release,market prices,Pre-release 12-month market window or t-1 audit data,ambiguous_content_and_label_mechanism,continuous,medium,ROBUSTNESS_BLOCK_AFTER_DATA_AUDIT,,,,,,,,,,,,,,,,
159,yang_industry_return,Industry Return,Tỷ suất sinh lợi ngành,Recent extensions,Yang 2026 market/audit block,R1_RECENT_EXTENSION,COMPLETE_PUBLISHED_EXTENSION_BLOCK,Block-level robustness and label-mechanism sensitivity,YANG2026,YANG2026 predictor description; Online Appendix B,Industry return over the 12 months before release,market prices; industry classification,Pre-release 12-month market window or t-1 audit data,ambiguous_content_and_label_mechanism,continuous,medium,ROBUSTNESS_BLOCK_AFTER_DATA_AUDIT,,,,,,,,,,,,,,,,
160,yang_return_volatility,Stock Return Volatility,Độ biến động tỷ suất sinh lợi cổ phiếu,Recent extensions,Yang 2026 market/audit block,R1_RECENT_EXTENSION,COMPLETE_PUBLISHED_EXTENSION_BLOCK,Block-level robustness and label-mechanism sensitivity,YANG2026,YANG2026 predictor description; Online Appendix B,Return volatility over the 12 months before release,market prices,Pre-release 12-month market window or t-1 audit data,ambiguous_content_and_label_mechanism,continuous,medium,ROBUSTNESS_BLOCK_AFTER_DATA_AUDIT,,,,,,,,,,,,,,,,
161,yang_lagged_audit_fees,Lagged Audit Fees,Phí kiểm toán năm trước,Recent extensions,Yang 2026 market/audit block,R1_RECENT_EXTENSION,COMPLETE_PUBLISHED_EXTENSION_BLOCK,Block-level robustness and label-mechanism sensitivity,YANG2026,YANG2026 predictor description; Online Appendix B,Natural logarithm of prior-year audit fees,prior-year audit fee,Pre-release 12-month market window or t-1 audit data,ambiguous_content_and_label_mechanism,continuous,medium,ROBUSTNESS_BLOCK_AFTER_DATA_AUDIT,,,,,,,,,,,,,,,,
162,yang_lagged_audit_fee_ratio,Lagged Audit Fee Ratio,Tỷ lệ phí kiểm toán năm trước,Recent extensions,Yang 2026 market/audit block,R1_RECENT_EXTENSION,COMPLETE_PUBLISHED_EXTENSION_BLOCK,Block-level robustness and label-mechanism sensitivity,YANG2026,YANG2026 predictor description; Online Appendix B,Exact denominator must be transcribed from Online Appendix B,prior-year audit fee; denominator from source,Pre-release 12-month market window or t-1 audit data,ambiguous_content_and_label_mechanism,continuous,medium,ROBUSTNESS_BLOCK_AFTER_DATA_AUDIT,,,,,,,,,,,,,,,,
163,yang_industry_avg_audit_fees,Industry-average Lagged Audit Fees,Phí kiểm toán năm trước bình quân ngành,Recent extensions,Yang 2026 market/audit block,R1_RECENT_EXTENSION,COMPLETE_PUBLISHED_EXTENSION_BLOCK,Block-level robustness and label-mechanism sensitivity,YANG2026,YANG2026 predictor description; Online Appendix B,Industry average of lagged audit fees,prior-year audit fee; industry,Pre-release 12-month market window or t-1 audit data,ambiguous_content_and_label_mechanism,continuous,medium,ROBUSTNESS_BLOCK_AFTER_DATA_AUDIT,,,,,,,,,,,,,,,,
164,yang_industry_avg_audit_fee_ratio,Industry-average Lagged Audit Fee Ratio,Tỷ lệ phí kiểm toán năm trước bình quân ngành,Recent extensions,Yang 2026 market/audit block,R1_RECENT_EXTENSION,COMPLETE_PUBLISHED_EXTENSION_BLOCK,Block-level robustness and label-mechanism sensitivity,YANG2026,YANG2026 predictor description; Online Appendix B,Industry average of lagged audit-fee ratio,prior-year audit fee ratio; industry,Pre-release 12-month market window or t-1 audit data,ambiguous_content_and_label_mechanism,continuous,medium,ROBUSTNESS_BLOCK_AFTER_DATA_AUDIT,,,,,,,,,,,,,,,,
165,ent_listing_age,Listing Age,Tuổi niêm yết,Recent extensions,Enterprise portrait,R1_RECENT_EXTENSION,SUPERVISED_SELECTED_PUBLISHED_BLOCK,Robustness only; evaluate the complete 21-feature block,ZHENT2025,ZHENT2025 Table 3,ln(current year - listing year + 1),ln(current year - listing year + 1),Known by filing/annual-report anchor,latent_risk_content_or_governance,continuous,low,ROBUSTNESS_ONLY_SUPERVISED_SELECTION_ORIGIN,,,,,,,,,,,,,,,,The paper selected these features using ANOVA/PCA; do not call this a canonical confirmatory set.
166,ent_firm_age,Age of Establishment,Tuổi doanh nghiệp,Recent extensions,Enterprise portrait,R1_RECENT_EXTENSION,SUPERVISED_SELECTED_PUBLISHED_BLOCK,Robustness only; evaluate the complete 21-feature block,ZHENT2025,ZHENT2025 Table 3,ln(current year - incorporation year + 1),ln(current year - incorporation year + 1),Known by filing/annual-report anchor,latent_risk_content_or_governance,continuous,low,ROBUSTNESS_ONLY_SUPERVISED_SELECTION_ORIGIN,,,,,,,,,,,,,,,,The paper selected these features using ANOVA/PCA; do not call this a canonical confirmatory set.
167,ent_firm_size,Firm Size,Quy mô doanh nghiệp,Recent extensions,Enterprise portrait,R1_RECENT_EXTENSION,SUPERVISED_SELECTED_PUBLISHED_BLOCK,Robustness only; evaluate the complete 21-feature block,ZHENT2025,ZHENT2025 Table 3,Natural logarithm of annual total assets,Natural logarithm of annual total assets,Known by filing/annual-report anchor,latent_risk_content_or_governance,continuous,low,ROBUSTNESS_ONLY_SUPERVISED_SELECTION_ORIGIN,,,,,,,,,,,,,,,,The paper selected these features using ANOVA/PCA; do not call this a canonical confirmatory set.
168,ent_roe,Return on Equity,Tỷ suất sinh lợi trên vốn chủ sở hữu,Recent extensions,Enterprise portrait,R1_RECENT_EXTENSION,SUPERVISED_SELECTED_PUBLISHED_BLOCK,Robustness only; evaluate the complete 21-feature block,ZHENT2025,ZHENT2025 Table 3,Net profit / average owners' equity,Net profit / average owners' equity,Known by filing/annual-report anchor,latent_risk_content_or_governance,continuous,low,ROBUSTNESS_ONLY_SUPERVISED_SELECTION_ORIGIN,,,,,,,,,,,,,,,,The paper selected these features using ANOVA/PCA; do not call this a canonical confirmatory set.
169,ent_eps,Earnings per Share,Lợi nhuận trên mỗi cổ phiếu,Recent extensions,Enterprise portrait,R1_RECENT_EXTENSION,SUPERVISED_SELECTED_PUBLISHED_BLOCK,Robustness only; evaluate the complete 21-feature block,ZHENT2025,ZHENT2025 Table 3,As reported in the annual report,As reported in the annual report,Known by filing/annual-report anchor,latent_risk_content_or_governance,continuous,low,ROBUSTNESS_ONLY_SUPERVISED_SELECTION_ORIGIN,,,,,,,,,,,,,,,,The paper selected these features using ANOVA/PCA; do not call this a canonical confirmatory set.
170,ent_tobins_q,Tobin's Q,Chỉ số Tobin's Q,Recent extensions,Enterprise portrait,R1_RECENT_EXTENSION,SUPERVISED_SELECTED_PUBLISHED_BLOCK,Robustness only; evaluate the complete 21-feature block,ZHENT2025,ZHENT2025 Table 3,(Market value of equity + book value of debt) / book value of total assets,(Market value of equity + book value of debt) / book value of total assets,Known by filing/annual-report anchor,latent_risk_content_or_governance,continuous,low,ROBUSTNESS_ONLY_SUPERVISED_SELECTION_ORIGIN,,,,,,,,,,,,,,,,The paper selected these features using ANOVA/PCA; do not call this a canonical confirmatory set.
171,ent_quick_ratio,Quick Ratio,Hệ số thanh toán nhanh,Recent extensions,Enterprise portrait,R1_RECENT_EXTENSION,SUPERVISED_SELECTED_PUBLISHED_BLOCK,Robustness only; evaluate the complete 21-feature block,ZHENT2025,ZHENT2025 Table 3,(Current assets - inventories) / current liabilities,(Current assets - inventories) / current liabilities,Known by filing/annual-report anchor,latent_risk_content_or_governance,continuous,low,ROBUSTNESS_ONLY_SUPERVISED_SELECTION_ORIGIN,,,,,,,,,,,,,,,,The paper selected these features using ANOVA/PCA; do not call this a canonical confirmatory set.
172,ent_financial_leverage,Financial Leverage,Đòn bẩy tài chính,Recent extensions,Enterprise portrait,R1_RECENT_EXTENSION,SUPERVISED_SELECTED_PUBLISHED_BLOCK,Robustness only; evaluate the complete 21-feature block,ZHENT2025,ZHENT2025 Table 3,(Net profit + income tax expense + finance costs) / (Net profit + income tax expense),(Net profit + income tax expense + finance costs) / (Net profit + income tax expense),Known by filing/annual-report anchor,latent_risk_content_or_governance,continuous,low,ROBUSTNESS_ONLY_SUPERVISED_SELECTION_ORIGIN,,,,,,,,,,,,,,,,The paper selected these features using ANOVA/PCA; do not call this a canonical confirmatory set.
173,ent_total_liabilities,Total Liabilities,Tổng nợ phải trả,Recent extensions,Enterprise portrait,R1_RECENT_EXTENSION,SUPERVISED_SELECTED_PUBLISHED_BLOCK,Robustness only; evaluate the complete 21-feature block,ZHENT2025,ZHENT2025 Table 3,Current plus non-current liabilities,Current plus non-current liabilities,Known by filing/annual-report anchor,latent_risk_content_or_governance,continuous,low,ROBUSTNESS_ONLY_SUPERVISED_SELECTION_ORIGIN,,,,,,,,,,,,,,,,The paper selected these features using ANOVA/PCA; do not call this a canonical confirmatory set.
174,ent_tax_rate,Tax Rate,Thuế suất thực tế,Recent extensions,Enterprise portrait,R1_RECENT_EXTENSION,SUPERVISED_SELECTED_PUBLISHED_BLOCK,Robustness only; evaluate the complete 21-feature block,ZHENT2025,ZHENT2025 Table 3,Income tax expense / total profit,Income tax expense / total profit,Known by filing/annual-report anchor,latent_risk_content_or_governance,continuous,low,ROBUSTNESS_ONLY_SUPERVISED_SELECTION_ORIGIN,,,,,,,,,,,,,,,,The paper selected these features using ANOVA/PCA; do not call this a canonical confirmatory set.
175,ent_current_asset_turnover,Current Asset Turnover Ratio,Vòng quay tài sản ngắn hạn,Recent extensions,Enterprise portrait,R1_RECENT_EXTENSION,SUPERVISED_SELECTED_PUBLISHED_BLOCK,Robustness only; evaluate the complete 21-feature block,ZHENT2025,ZHENT2025 Table 3,Definition must be checked: source table appears to repeat asset-growth wording,Definition must be checked: source table appears to repeat asset-growth wording,Known by filing/annual-report anchor,latent_risk_content_or_governance,continuous,low,ROBUSTNESS_ONLY_SUPERVISED_SELECTION_ORIGIN,,,,,,,,,,,,,,,,The paper selected these features using ANOVA/PCA; do not call this a canonical confirmatory set.
176,ent_total_asset_growth,Total Asset Growth Rate,Tốc độ tăng tổng tài sản,Recent extensions,Enterprise portrait,R1_RECENT_EXTENSION,SUPERVISED_SELECTED_PUBLISHED_BLOCK,Robustness only; evaluate the complete 21-feature block,ZHENT2025,ZHENT2025 Table 3,Total assets_t / Total assets_t-1 - 1,Total assets_t / Total assets_t-1 - 1,Known by filing/annual-report anchor,latent_risk_content_or_governance,continuous,low,ROBUSTNESS_ONLY_SUPERVISED_SELECTION_ORIGIN,,,,,,,,,,,,,,,,The paper selected these features using ANOVA/PCA; do not call this a canonical confirmatory set.
177,ent_operating_expense_ratio,Operating Expense Ratio,Tỷ lệ chi phí hoạt động,Recent extensions,Enterprise portrait,R1_RECENT_EXTENSION,SUPERVISED_SELECTED_PUBLISHED_BLOCK,Robustness only; evaluate the complete 21-feature block,ZHENT2025,ZHENT2025 Table 3,Operating expenses / operating income,Operating expenses / operating income,Known by filing/annual-report anchor,latent_risk_content_or_governance,continuous,low,ROBUSTNESS_ONLY_SUPERVISED_SELECTION_ORIGIN,,,,,,,,,,,,,,,,The paper selected these features using ANOVA/PCA; do not call this a canonical confirmatory set.
178,ent_fixed_asset_ratio,Fixed Assets Ratio,Tỷ lệ tài sản cố định,Recent extensions,Enterprise portrait,R1_RECENT_EXTENSION,SUPERVISED_SELECTED_PUBLISHED_BLOCK,Robustness only; evaluate the complete 21-feature block,ZHENT2025,ZHENT2025 Table 3,Net fixed assets / total assets,Net fixed assets / total assets,Known by filing/annual-report anchor,latent_risk_content_or_governance,continuous,low,ROBUSTNESS_ONLY_SUPERVISED_SELECTION_ORIGIN,,,,,,,,,,,,,,,,The paper selected these features using ANOVA/PCA; do not call this a canonical confirmatory set.
179,ent_equity_multiplier,Equity Multiplier,Hệ số nhân vốn chủ sở hữu,Recent extensions,Enterprise portrait,R1_RECENT_EXTENSION,SUPERVISED_SELECTED_PUBLISHED_BLOCK,Robustness only; evaluate the complete 21-feature block,ZHENT2025,ZHENT2025 Table 3,Ending total assets / ending owners' equity,Ending total assets / ending owners' equity,Known by filing/annual-report anchor,latent_risk_content_or_governance,continuous,low,ROBUSTNESS_ONLY_SUPERVISED_SELECTION_ORIGIN,,,,,,,,,,,,,,,,The paper selected these features using ANOVA/PCA; do not call this a canonical confirmatory set.
180,ent_largest_shareholder,Largest Shareholder Ownership Ratio,Tỷ lệ sở hữu của cổ đông lớn nhất,Recent extensions,Enterprise portrait,R1_RECENT_EXTENSION,SUPERVISED_SELECTED_PUBLISHED_BLOCK,Robustness only; evaluate the complete 21-feature block,ZHENT2025,ZHENT2025 Table 3,Shares held by largest shareholder / total shares,Shares held by largest shareholder / total shares,Known by filing/annual-report anchor,latent_risk_content_or_governance,continuous,low,ROBUSTNESS_ONLY_SUPERVISED_SELECTION_ORIGIN,,,,,,,,,,,,,,,,The paper selected these features using ANOVA/PCA; do not call this a canonical confirmatory set.
181,ent_management_ownership,Management Ownership Ratio,Tỷ lệ sở hữu của ban quản lý,Recent extensions,Enterprise portrait,R1_RECENT_EXTENSION,SUPERVISED_SELECTED_PUBLISHED_BLOCK,Robustness only; evaluate the complete 21-feature block,ZHENT2025,ZHENT2025 Table 3,Shares held by directors and supervisors / total shares,Shares held by directors and supervisors / total shares,Known by filing/annual-report anchor,latent_risk_content_or_governance,continuous,low,ROBUSTNESS_ONLY_SUPERVISED_SELECTION_ORIGIN,,,,,,,,,,,,,,,,The paper selected these features using ANOVA/PCA; do not call this a canonical confirmatory set.
182,ent_loss_indicator,Loss Indicator,Biến chỉ báo thua lỗ,Recent extensions,Enterprise portrait,R1_RECENT_EXTENSION,SUPERVISED_SELECTED_PUBLISHED_BLOCK,Robustness only; evaluate the complete 21-feature block,ZHENT2025,ZHENT2025 Table 3,1 if net profit < 0; otherwise 0,1 if net profit < 0; otherwise 0,Known by filing/annual-report anchor,latent_risk_content_or_governance,binary,low,ROBUSTNESS_ONLY_SUPERVISED_SELECTION_ORIGIN,,,,,,,,,,,,,,,,The paper selected these features using ANOVA/PCA; do not call this a canonical confirmatory set.
183,ent_internal_control_effectiveness,Internal Control Effectiveness,Hiệu lực kiểm soát nội bộ,Recent extensions,Enterprise portrait,R1_RECENT_EXTENSION,SUPERVISED_SELECTED_PUBLISHED_BLOCK,Robustness only; evaluate the complete 21-feature block,ZHENT2025,ZHENT2025 Table 3,1 if internal control is effective; otherwise 0,1 if internal control is effective; otherwise 0,Known by filing/annual-report anchor,latent_risk_content_or_governance,binary,medium,ROBUSTNESS_ONLY_SUPERVISED_SELECTION_ORIGIN,,,,,,,,,,,,,,,,The paper selected these features using ANOVA/PCA; do not call this a canonical confirmatory set.
184,ent_sa_financing_constraint,SA Financing Constraint Index,Chỉ số hạn chế tài chính SA,Recent extensions,Enterprise portrait,R1_RECENT_EXTENSION,SUPERVISED_SELECTED_PUBLISHED_BLOCK,Robustness only; evaluate the complete 21-feature block,ZHENT2025,ZHENT2025 Table 3,Published SA-index formula,Published SA-index formula,Known by filing/annual-report anchor,latent_risk_content_or_governance,continuous,low,ROBUSTNESS_ONLY_SUPERVISED_SELECTION_ORIGIN,,,,,,,,,,,,,,,,The paper selected these features using ANOVA/PCA; do not call this a canonical confirmatory set.
185,ent_mda_tone,MD&A Emotional Tone,Sắc thái cảm xúc trong MD&A,Recent extensions,Enterprise portrait,R1_RECENT_EXTENSION,SUPERVISED_SELECTED_PUBLISHED_BLOCK,Robustness only; evaluate the complete 21-feature block,ZHENT2025,ZHENT2025 Table 3,(Positive words - negative words) / (Positive words + negative words),(Positive words - negative words) / (Positive words + negative words),Known by filing/annual-report anchor,latent_risk_content_or_governance,continuous,medium,ROBUSTNESS_ONLY_SUPERVISED_SELECTION_ORIGIN,,,,,,,,,,,,,,,,The paper selected these features using ANOVA/PCA; do not call this a canonical confirmatory set.
186,park_auditor_client_tenure,Auditor–Client Tenure,Số năm quan hệ giữa kiểm toán viên và khách hàng,Recent extensions,Parker 2025 audit/governance/qualitative block,R1_RECENT_EXTENSION,PUBLISHED_EXTENSION_OR_POST_HOC_IMPORTANCE,Robustness/block-level audit; not an individual SHAP-based confirmatory choice,PARK2025,PARK2025 Appendix A and feature-importance discussion,Audit engagement tenure,Audit engagement tenure,One- or two-year-ahead availability must be checked,ambiguous_content_and_label_mechanism,continuous_or_binary,medium,ROBUSTNESS_BLOCK_AFTER_DATA_AUDIT,,,,,,,,,,,,,,,,
187,park_comprehensive_income_current,Current-year Comprehensive Income,Thu nhập toàn diện năm hiện tại,Recent extensions,Parker 2025 audit/governance/qualitative block,R1_RECENT_EXTENSION,PUBLISHED_EXTENSION_OR_POST_HOC_IMPORTANCE,Robustness/block-level audit; not an individual SHAP-based confirmatory choice,PARK2025,PARK2025 Appendix A and feature-importance discussion,As-reported comprehensive income,As-reported comprehensive income,One- or two-year-ahead availability must be checked,ambiguous_content_and_label_mechanism,continuous_or_binary,medium,ROBUSTNESS_BLOCK_AFTER_DATA_AUDIT,,,,,,,,,,,,,,,,
188,park_comprehensive_income_prior,Prior-year Comprehensive Income,Thu nhập toàn diện năm trước,Recent extensions,Parker 2025 audit/governance/qualitative block,R1_RECENT_EXTENSION,PUBLISHED_EXTENSION_OR_POST_HOC_IMPORTANCE,Robustness/block-level audit; not an individual SHAP-based confirmatory choice,PARK2025,PARK2025 Appendix A and feature-importance discussion,Lagged comprehensive income,Lagged comprehensive income,One- or two-year-ahead availability must be checked,ambiguous_content_and_label_mechanism,continuous_or_binary,medium,ROBUSTNESS_BLOCK_AFTER_DATA_AUDIT,,,,,,,,,,,,,,,,
189,park_comprehensive_income_nci,Comprehensive Income Attributable to Noncontrolling Interests,Thu nhập toàn diện thuộc cổ đông không kiểm soát,Recent extensions,Parker 2025 audit/governance/qualitative block,R1_RECENT_EXTENSION,PUBLISHED_EXTENSION_OR_POST_HOC_IMPORTANCE,Robustness/block-level audit; not an individual SHAP-based confirmatory choice,PARK2025,PARK2025 Appendix A and feature-importance discussion,As reported,As reported,One- or two-year-ahead availability must be checked,ambiguous_content_and_label_mechanism,continuous_or_binary,medium,ROBUSTNESS_BLOCK_AFTER_DATA_AUDIT,,,,,,,,,,,,,,,,
190,park_foreign_firm_status,Foreign-firm Status,Biến chỉ báo doanh nghiệp nước ngoài,Recent extensions,Parker 2025 audit/governance/qualitative block,R1_RECENT_EXTENSION,PUBLISHED_EXTENSION_OR_POST_HOC_IMPORTANCE,Robustness/block-level audit; not an individual SHAP-based confirmatory choice,PARK2025,PARK2025 Appendix A and feature-importance discussion,Foreign issuer/status indicator,Foreign issuer/status indicator,One- or two-year-ahead availability must be checked,ambiguous_content_and_label_mechanism,continuous_or_binary,medium,ROBUSTNESS_BLOCK_AFTER_DATA_AUDIT,,,,,,,,,,,,,,,,
191,park_tax_interest_penalties,Accrued Tax Interest and Penalties,Lãi và tiền phạt thuế đã trích trước,Recent extensions,Parker 2025 audit/governance/qualitative block,R1_RECENT_EXTENSION,PUBLISHED_EXTENSION_OR_POST_HOC_IMPORTANCE,Robustness/block-level audit; not an individual SHAP-based confirmatory choice,PARK2025,PARK2025 Appendix A and feature-importance discussion,Accrued interest and penalties for uncertain tax positions,Accrued interest and penalties for uncertain tax positions,One- or two-year-ahead availability must be checked,ambiguous_content_and_label_mechanism,continuous_or_binary,medium,ROBUSTNESS_BLOCK_AFTER_DATA_AUDIT,,,,,,,,,,,,,,,,
192,park_nonaudit_fee,Nonaudit Fee,Phí dịch vụ ngoài kiểm toán,Recent extensions,Parker 2025 audit/governance/qualitative block,R1_RECENT_EXTENSION,PUBLISHED_EXTENSION_OR_POST_HOC_IMPORTANCE,Robustness/block-level audit; not an individual SHAP-based confirmatory choice,PARK2025,PARK2025 Appendix A and feature-importance discussion,Nonaudit fees,Nonaudit fees,One- or two-year-ahead availability must be checked,ambiguous_content_and_label_mechanism,continuous_or_binary,medium,ROBUSTNESS_BLOCK_AFTER_DATA_AUDIT,,,,,,,,,,,,,,,,
193,park_nonaudit_fee_ratio,Nonaudit Fee Ratio,Tỷ lệ phí dịch vụ ngoài kiểm toán,Recent extensions,Parker 2025 audit/governance/qualitative block,R1_RECENT_EXTENSION,PUBLISHED_EXTENSION_OR_POST_HOC_IMPORTANCE,Robustness/block-level audit; not an individual SHAP-based confirmatory choice,PARK2025,PARK2025 Appendix A and feature-importance discussion,Nonaudit fee divided by source-specified denominator,Nonaudit fee divided by source-specified denominator,One- or two-year-ahead availability must be checked,ambiguous_content_and_label_mechanism,continuous_or_binary,medium,ROBUSTNESS_BLOCK_AFTER_DATA_AUDIT,,,,,,,,,,,,,,,,
194,park_nonaudit_fee_percentile,Auditor-level Percentile Rank of Nonaudit Fee,Phân vị phí ngoài kiểm toán theo công ty kiểm toán,Recent extensions,Parker 2025 audit/governance/qualitative block,R1_RECENT_EXTENSION,PUBLISHED_EXTENSION_OR_POST_HOC_IMPORTANCE,Robustness/block-level audit; not an individual SHAP-based confirmatory choice,PARK2025,PARK2025 Appendix A and feature-importance discussion,Percentile rank by auditor,Percentile rank by auditor,One- or two-year-ahead availability must be checked,ambiguous_content_and_label_mechanism,continuous_or_binary,medium,ROBUSTNESS_BLOCK_AFTER_DATA_AUDIT,,,,,,,,,,,,,,,,
195,park_insider_board_pct,Percentage of Insider Directors,Tỷ lệ thành viên HĐQT nội bộ,Recent extensions,Parker 2025 audit/governance/qualitative block,R1_RECENT_EXTENSION,PUBLISHED_EXTENSION_OR_POST_HOC_IMPORTANCE,Robustness/block-level audit; not an individual SHAP-based confirmatory choice,PARK2025,PARK2025 Appendix A and feature-importance discussion,Insider directors / board size,Insider directors / board size,One- or two-year-ahead availability must be checked,ambiguous_content_and_label_mechanism,continuous_or_binary,medium,ROBUSTNESS_BLOCK_AFTER_DATA_AUDIT,,,,,,,,,,,,,,,,
196,park_busy_outsider_pct,Percentage of Busy Outside Directors,Tỷ lệ thành viên HĐQT độc lập kiêm nhiệm nhiều vị trí,Recent extensions,Parker 2025 audit/governance/qualitative block,R1_RECENT_EXTENSION,PUBLISHED_EXTENSION_OR_POST_HOC_IMPORTANCE,Robustness/block-level audit; not an individual SHAP-based confirmatory choice,PARK2025,PARK2025 Appendix A and feature-importance discussion,Outside directors serving on at least four other boards / outside directors,Outside directors serving on at least four other boards / outside directors,One- or two-year-ahead availability must be checked,ambiguous_content_and_label_mechanism,continuous_or_binary,medium,ROBUSTNESS_BLOCK_AFTER_DATA_AUDIT,,,,,,,,,,,,,,,,
197,park_internal_control_weakness,Internal Control Weakness Indicator,Biến chỉ báo điểm yếu kiểm soát nội bộ,Recent extensions,Parker 2025 audit/governance/qualitative block,R1_RECENT_EXTENSION,PUBLISHED_EXTENSION_OR_POST_HOC_IMPORTANCE,Robustness/block-level audit; not an individual SHAP-based confirmatory choice,PARK2025,PARK2025 Appendix A and feature-importance discussion,Reported internal-control weakness,Reported internal-control weakness,One- or two-year-ahead availability must be checked,ambiguous_content_and_label_mechanism,continuous_or_binary,medium,ROBUSTNESS_BLOCK_AFTER_DATA_AUDIT,,,,,,,,,,,,,,,,
198,park_readability_block,Financial-report Readability Block,Khối chỉ số khả năng đọc của báo cáo tài chính,Recent extensions,Parker 2025 audit/governance/qualitative block,R1_RECENT_EXTENSION,PUBLISHED_EXTENSION_OR_POST_HOC_IMPORTANCE,Robustness/block-level audit; not an individual SHAP-based confirmatory choice,PARK2025,PARK2025 Appendix A and feature-importance discussion,Complete eight-measure block from source appendix,Complete eight-measure block from source appendix,One- or two-year-ahead availability must be checked,ambiguous_content_and_label_mechanism,block,medium,ROBUSTNESS_BLOCK_AFTER_DATA_AUDIT,,,,,,,,,,,,,,,,
199,park_risk_sentiment_block,Financial-report Risk Sentiment Block,Khối sắc thái rủi ro trong báo cáo tài chính,Recent extensions,Parker 2025 audit/governance/qualitative block,R1_RECENT_EXTENSION,PUBLISHED_EXTENSION_OR_POST_HOC_IMPORTANCE,Robustness/block-level audit; not an individual SHAP-based confirmatory choice,PARK2025,PARK2025 Appendix A and feature-importance discussion,Complete seven-measure risk-sentiment block from source appendix,Complete seven-measure risk-sentiment block from source appendix,One- or two-year-ahead availability must be checked,ambiguous_content_and_label_mechanism,block,medium,ROBUSTNESS_BLOCK_AFTER_DATA_AUDIT,,,,,,,,,,,,,,,,
200,prepost_signed_adjustment,Signed Audit Adjustment for Every Eligible Item,Điều chỉnh kiểm toán có dấu cho mọi khoản mục đủ điều kiện,Study contribution,Systematic pre/post-audit universe,N1_RESEARCHER_DESIGNED_SYSTEMATIC,EX_ANTE_RULE_APPLIED_TO_ALL_ELIGIBLE_ITEMS,Novel dissertation block; no fixed ten-item selection,TRA2015 provides prior-adjustment precedent; dissertation measurement design,"Apply only to all items satisfying mapping, authorization, coverage, availability and nonredundancy rules",post_audit_X - pre_audit_X,authorized pre- and post-audit values; audited total assets where scaled,Available at annual anchor; target-component exclusions applied by target,latent_risk_content_and_observability,continuous,high,PROTOCOL_APPROVAL_REQUIRED,,,,,,,,,,,,,,,,"This block is defensible only as a universal rule-based construction, not as a hand-picked list of ten accounts."
201,prepost_absolute_adjustment,Absolute Audit Adjustment for Every Eligible Item,Giá trị tuyệt đối của điều chỉnh kiểm toán cho mọi khoản mục đủ điều kiện,Study contribution,Systematic pre/post-audit universe,N1_RESEARCHER_DESIGNED_SYSTEMATIC,EX_ANTE_RULE_APPLIED_TO_ALL_ELIGIBLE_ITEMS,Novel dissertation block; no fixed ten-item selection,TRA2015 provides prior-adjustment precedent; dissertation measurement design,"Apply only to all items satisfying mapping, authorization, coverage, availability and nonredundancy rules",abs(post_audit_X - pre_audit_X),authorized pre- and post-audit values; audited total assets where scaled,Available at annual anchor; target-component exclusions applied by target,latent_risk_content_and_observability,continuous,high,PROTOCOL_APPROVAL_REQUIRED,,,,,,,,,,,,,,,,"This block is defensible only as a universal rule-based construction, not as a hand-picked list of ten accounts."
202,prepost_asset_scaled_signed,Asset-scaled Signed Audit Adjustment,Điều chỉnh kiểm toán có dấu chuẩn hóa theo tổng tài sản,Study contribution,Systematic pre/post-audit universe,N1_RESEARCHER_DESIGNED_SYSTEMATIC,EX_ANTE_RULE_APPLIED_TO_ALL_ELIGIBLE_ITEMS,Novel dissertation block; no fixed ten-item selection,TRA2015 provides prior-adjustment precedent; dissertation measurement design,"Apply only to all items satisfying mapping, authorization, coverage, availability and nonredundancy rules",(post_audit_X - pre_audit_X) / post_audit_total_assets,authorized pre- and post-audit values; audited total assets where scaled,Available at annual anchor; target-component exclusions applied by target,latent_risk_content_and_observability,continuous,high,PROTOCOL_APPROVAL_REQUIRED,,,,,,,,,,,,,,,,"This block is defensible only as a universal rule-based construction, not as a hand-picked list of ten accounts."
203,prepost_asset_scaled_absolute,Asset-scaled Absolute Audit Adjustment,Giá trị tuyệt đối điều chỉnh kiểm toán chuẩn hóa theo tổng tài sản,Study contribution,Systematic pre/post-audit universe,N1_RESEARCHER_DESIGNED_SYSTEMATIC,EX_ANTE_RULE_APPLIED_TO_ALL_ELIGIBLE_ITEMS,Novel dissertation block; no fixed ten-item selection,TRA2015 provides prior-adjustment precedent; dissertation measurement design,"Apply only to all items satisfying mapping, authorization, coverage, availability and nonredundancy rules",abs(post_audit_X - pre_audit_X) / post_audit_total_assets,authorized pre- and post-audit values; audited total assets where scaled,Available at annual anchor; target-component exclusions applied by target,latent_risk_content_and_observability,continuous,high,PROTOCOL_APPROVAL_REQUIRED,,,,,,,,,,,,,,,,"This block is defensible only as a universal rule-based construction, not as a hand-picked list of ten accounts."
204,prepost_item_adjustment_indicator,Item-level Audit Adjustment Indicator,Biến chỉ báo khoản mục có điều chỉnh kiểm toán,Study contribution,Systematic pre/post-audit universe,N1_RESEARCHER_DESIGNED_SYSTEMATIC,EX_ANTE_RULE_APPLIED_TO_ALL_ELIGIBLE_ITEMS,Novel dissertation block; no fixed ten-item selection,TRA2015 provides prior-adjustment precedent; dissertation measurement design,"Apply only to all items satisfying mapping, authorization, coverage, availability and nonredundancy rules",1 if post_audit_X != pre_audit_X; otherwise 0,authorized pre- and post-audit values; audited total assets where scaled,Available at annual anchor; target-component exclusions applied by target,latent_risk_content_and_observability,continuous,high,PROTOCOL_APPROVAL_REQUIRED,,,,,,,,,,,,,,,,"This block is defensible only as a universal rule-based construction, not as a hand-picked list of ten accounts."
205,prepost_adjusted_item_count,Count of Adjusted Accounting Items,Số khoản mục được điều chỉnh kiểm toán,Study contribution,Systematic pre/post-audit universe,N1_RESEARCHER_DESIGNED_SYSTEMATIC,EX_ANTE_RULE_APPLIED_TO_ALL_ELIGIBLE_ITEMS,Novel dissertation block; no fixed ten-item selection,TRA2015 provides prior-adjustment precedent; dissertation measurement design,"Apply only to all items satisfying mapping, authorization, coverage, availability and nonredundancy rules",Count of eligible items with nonzero adjustment,authorized pre- and post-audit values; audited total assets where scaled,Available at annual anchor; target-component exclusions applied by target,latent_risk_content_and_observability,continuous,high,PROTOCOL_APPROVAL_REQUIRED,,,,,,,,,,,,,,,,"This block is defensible only as a universal rule-based construction, not as a hand-picked list of ten accounts."
206,prepost_group_adjustment_intensity,Accounting-group Audit Adjustment Intensity,Cường độ điều chỉnh kiểm toán theo nhóm khoản mục,Study contribution,Systematic pre/post-audit universe,N1_RESEARCHER_DESIGNED_SYSTEMATIC,EX_ANTE_RULE_APPLIED_TO_ALL_ELIGIBLE_ITEMS,Novel dissertation block; no fixed ten-item selection,TRA2015 provides prior-adjustment precedent; dissertation measurement design,"Apply only to all items satisfying mapping, authorization, coverage, availability and nonredundancy rules",Sum of absolute asset-scaled adjustments within a prespecified statement/mechanism group,authorized pre- and post-audit values; audited total assets where scaled,Available at annual anchor; target-component exclusions applied by target,latent_risk_content_and_observability,continuous,high,PROTOCOL_APPROVAL_REQUIRED,,,,,,,,,,,,,,,,"This block is defensible only as a universal rule-based construction, not as a hand-picked list of ten accounts."
207,prepost_total_adjustment_intensity,Total Audit Adjustment Intensity,Tổng cường độ điều chỉnh kiểm toán,Study contribution,Systematic pre/post-audit universe,N1_RESEARCHER_DESIGNED_SYSTEMATIC,EX_ANTE_RULE_APPLIED_TO_ALL_ELIGIBLE_ITEMS,Novel dissertation block; no fixed ten-item selection,TRA2015 provides prior-adjustment precedent; dissertation measurement design,"Apply only to all items satisfying mapping, authorization, coverage, availability and nonredundancy rules",Sum of absolute asset-scaled adjustments across all eligible items,authorized pre- and post-audit values; audited total assets where scaled,Available at annual anchor; target-component exclusions applied by target,latent_risk_content_and_observability,continuous,high,PROTOCOL_APPROVAL_REQUIRED,,,,,,,,,,,,,,,,"This block is defensible only as a universal rule-based construction, not as a hand-picked list of ten accounts."
208,blocked_firm_id,Direct Firm Identifier,Mã định danh doanh nghiệp trực tiếp,Prohibited predictors,Identity/outcome leakage,BLOCK_PROHIBITED,PROTOCOL_PROHIBITION,Never enter any model feature view,ZAV2025; YANG2026; leakage protocol,Recent PU identity experiment and detection-lag design,Firm ID/ticker/company code/CIK,Firm ID/ticker/company code/CIK,Not applicable,prohibited,identifier_or_outcome,critical,BLOCKED,,,,,,,,,,,,,,,,May remain as a key/outcome-side field outside the predictor matrix.
209,blocked_company_name_embedding,Company-name or Identity-derived Encoding,Mã hóa từ tên hoặc danh tính doanh nghiệp,Prohibited predictors,Identity/outcome leakage,BLOCK_PROHIBITED,PROTOCOL_PROHIBITION,Never enter any model feature view,ZAV2025; YANG2026; leakage protocol,Recent PU identity experiment and detection-lag design,"Name, ticker, hash, embedding or one-hot identity","Name, ticker, hash, embedding or one-hot identity",Not applicable,prohibited,identifier_or_outcome,critical,BLOCKED,,,,,,,,,,,,,,,,May remain as a key/outcome-side field outside the predictor matrix.
210,blocked_future_detection_lag,Future Detection Lag,Độ trễ phát hiện trong tương lai,Prohibited predictors,Identity/outcome leakage,BLOCK_PROHIBITED,PROTOCOL_PROHIBITION,Never enter any model feature view,ZAV2025; YANG2026; leakage protocol,Recent PU identity experiment and detection-lag design,Time from fiscal year to a future discovery/enforcement event,Time from fiscal year to a future discovery/enforcement event,Not applicable,prohibited,identifier_or_outcome,critical,BLOCKED,,,,,,,,,,,,,,,,May remain as a key/outcome-side field outside the predictor matrix.
211,blocked_future_enforcement,Future Enforcement Information,Thông tin xử phạt trong tương lai,Prohibited predictors,Identity/outcome leakage,BLOCK_PROHIBITED,PROTOCOL_PROHIBITION,Never enter any model feature view,ZAV2025; YANG2026; leakage protocol,Recent PU identity experiment and detection-lag design,"Decision date, sanction amount or future enforcement outcome","Decision date, sanction amount or future enforcement outcome",Not applicable,prohibited,identifier_or_outcome,critical,BLOCKED,,,,,,,,,,,,,,,,May remain as a key/outcome-side field outside the predictor matrix.
